model,n_features,cv_r2,pearson_r,pearson_p,spearman_rho,spearman_p,target,predictor_set
manual_numeric_to_RawCalorie,13,0.8673062654977496,0.9321995456933576,2.860276852437032e-43,0.8715322162756259,7.570409585895337e-31,RawCalorie,manual_numeric
manual_category_dummies_to_RawCalorie,8,0.8159060865522698,0.9038545609513821,1.9840383500553992e-36,0.837422661061834,2.1233251457946958e-26,RawCalorie,manual_category_dummies
manual_numeric_plus_category_to_RawCalorie,21,0.8516117929349951,0.9240924547154317,4.783511611678092e-41,0.8396906483220599,1.1595813088950153e-26,RawCalorie,manual_numeric_plus_category
contrastive_clip_axes_to_RawCalorie,5,0.776953069960308,0.88156690480786,2.1054116060646509e-32,0.8315207254548813,9.821834132774786e-26,RawCalorie,contrastive_clip_axes
manual_numeric_plus_clip_axes_to_RawCalorie,18,0.8734742822151972,0.935762355656969,2.457948674016612e-44,0.8834810210340447,1.0246677462100705e-32,RawCalorie,manual_numeric_plus_clip_axes
manual_numeric_to_PredCLIP,13,0.7122854146540031,0.8445735278382678,3.0518892258908026e-27,0.7798557955144866,7.846318885637167e-21,PredCLIP,manual_numeric
manual_category_dummies_to_PredCLIP,8,0.7010286931856446,0.8379156796576579,1.8631645155718478e-26,0.7795009209600822,8.388116524194291e-21,PredCLIP,manual_category_dummies
manual_numeric_plus_category_to_PredCLIP,21,0.7142505730771127,0.8453487268634976,2.4586581950507196e-27,0.7789298974529009,9.337122966568779e-21,PredCLIP,manual_numeric_plus_category
contrastive_clip_axes_to_PredCLIP,5,0.7331492354397721,0.8563737669508589,9.935507479527403e-29,0.858654367878459,4.9478152049623763e-29,PredCLIP,contrastive_clip_axes
manual_numeric_plus_clip_axes_to_PredCLIP,18,0.7520238103127468,0.8676996768232925,2.7489873592346136e-30,0.8558735756918068,1.1558425195489417e-28,PredCLIP,manual_numeric_plus_clip_axes
manual_numeric_to_ResCLIP,13,0.04577392448711015,0.2298614339589127,0.024263676895493313,0.23653573372486444,0.02032804454185286,ResCLIP,manual_numeric
manual_category_dummies_to_ResCLIP,8,-0.05147608327983266,0.03476108060957706,0.7366991279426492,0.13789017720261165,0.18032537012775365,ResCLIP,manual_category_dummies
manual_numeric_plus_category_to_ResCLIP,21,0.019432437309351847,0.18028388220687008,0.07879726562942195,0.16317061046337336,0.11218194469154291,ResCLIP,manual_numeric_plus_category
contrastive_clip_axes_to_ResCLIP,5,0.015301892181811994,0.1380593765978202,0.17978614781035396,0.21783776451437872,0.03300013539773377,ResCLIP,contrastive_clip_axes
manual_numeric_plus_clip_axes_to_ResCLIP,18,0.03264835331101246,0.20152588154793477,0.04896142733535907,0.23342376559956593,0.022089063810919882,ResCLIP,manual_numeric_plus_clip_axes
