annotation,pearson_r_rawCalorie,pearson_p_rawCalorie,pearson_r_predCLIP,pearson_p_predCLIP,pearson_r_resCLIP,pearson_p_resCLIP,spearman_rho_rawCalorie,spearman_rho_predCLIP,spearman_rho_resCLIP
processedness_0_3,0.9150075454065496,7.84895381331094e-39,0.8315225861910343,9.817184524342049e-26,0.38762901383474,9.542996743509767e-05,0.8857876967592727,0.8554838548133453,0.42538846425725496
preparation_0_3,0.9065462899112969,5.5656906225881744e-37,0.8248415116210228,5.183201131029289e-25,0.3821967093152728,0.00012171424339926883,0.8774376391234484,0.8468069974144489,0.4153628138283839
dessert_snack,0.6447719192149419,1.3473470985487325e-12,0.628413307744078,7.162435529955089e-12,0.19530715969612966,0.05652681703301497,0.64543914156782,0.6199371767616685,0.24120279905022432
bakery_confectionery,0.6074155316742246,5.32339226463441e-11,0.6158353119368973,2.424492529888157e-11,0.14031406435577679,0.17271287843449495,0.6018435859468413,0.6107232543429671,0.20216462297502652
composite_food,0.5021052300271606,1.8675698149336998e-07,0.4544172824004029,3.3086930863002248e-06,0.21614772243878475,0.034418335023243415,0.5046521863448222,0.4584229505365354,0.20031927250335999
fast_food_or_fried,0.3344327924021302,0.0008676093010112325,0.21370735441324135,0.03655632035978252,0.3070206249280355,0.0023453397790400335,0.36505792855785985,0.2233713215552666,0.24939516484325883
animal_product,0.15998716487514594,0.11945593963002392,0.12180589038038507,0.237117053511401,0.11100182676352698,0.28162514628370683,0.09118256314484083,0.13237905539728087,0.13567479951505548
sweet_food,0.06809973523391057,0.5097263374426875,0.09009114622696347,0.3827049417046165,-0.022845260177141814,0.8251441437440995,0.18573528234107584,0.08835555330177336,-0.007143640479717847
savory_food,-0.06809973523391057,0.5097263374426875,-0.09009114622696343,0.38270494170461783,0.022845260177141835,0.8251441437440995,-0.18573528234107584,-0.08835555330177336,0.007143640479717847
single_ingredient,-0.7844543683797738,3.2656450738786816e-21,-0.7550828875173334,6.2916805828112535e-19,-0.25497324985932746,0.01217343992209877,-0.7676718713667561,-0.7542752379256759,-0.2889283635889829
fruit_veg,-0.8965829429946873,5.140937212900941e-35,-0.8374272673914145,2.120737983548654e-26,-0.33831332092066657,0.0007480136828901035,-0.8273476341529374,-0.8439748752414096,-0.3926958779112515
raw_produce,-0.8965829429946873,5.140937212900941e-35,-0.8374272673914145,2.120737983548654e-26,-0.33831332092066657,0.0007480136828901035,-0.8273476341529374,-0.8439748752414096,-0.3926958779112515
naturalness_0_3,-0.9317391543012312,3.8894588414766964e-43,-0.8639518520645874,9.336667464748535e-30,-0.3631479667523546,0.00027640082626817204,-0.8862331399236767,-0.8660040609018163,-0.42561216066132374
