index,condition,category_manual,processedness_0_3,naturalness_0_3,preparation_0_3,fruit_veg,raw_produce,animal_product,sweet_food,savory_food,dessert_snack,bakery_confectionery,fast_food_or_fried,composite_food,single_ingredient
0,Almonds,nuts_seeds,1,2,0,0,0,0,0,1,1,0,0,0,1
1,Apple,fruit,0,3,0,1,1,0,1,0,0,0,0,0,1
2,Apricot,fruit,0,3,0,1,1,0,1,0,0,0,0,0,1
3,Asparagus_green,vegetable_legume,0,3,0,1,1,0,0,1,0,0,0,0,1
4,Aubergine,vegetable_legume,0,3,0,1,1,0,0,1,0,0,0,0,1
5,Avocado,fruit,0,3,0,1,1,0,1,0,0,0,0,0,1
6,Bacon,meat_fish_egg,3,0,3,0,0,1,0,1,0,0,0,0,1
7,Baguette,bread_bakery,1,1,1,0,0,0,0,1,0,1,0,0,0
8,Banana,fruit,0,3,0,1,1,0,1,0,0,0,0,0,1
9,Beetroot,vegetable_legume,0,3,0,1,1,0,0,1,0,0,0,0,1
10,Berliner,sweet_bakery_confectionery,3,0,3,0,0,0,1,0,1,1,0,0,0
11,Bitterballs,savory_prepared,3,0,3,0,0,0,0,1,0,0,1,1,0
12,Blackberries,fruit,0,3,0,1,1,0,1,0,0,0,0,0,1
13,Blue_cheese,dairy_cheese,1,1,1,0,0,1,0,1,0,0,0,0,1
14,Bonbon,sweet_bakery_confectionery,3,0,3,0,0,0,1,0,1,1,0,0,0
15,Brie,dairy_cheese,1,1,1,0,0,1,0,1,0,0,0,0,1
16,Broccoli,vegetable_legume,0,3,0,1,1,0,0,1,0,0,0,0,1
17,Brownie,sweet_bakery_confectionery,3,0,3,0,0,0,1,0,1,1,0,0,0
18,Brussels_sprout,vegetable_legume,0,3,0,1,1,0,0,1,0,0,0,0,1
19,Butter_biscuit,sweet_bakery_confectionery,3,0,3,0,0,0,1,0,1,1,0,0,0
20,Cake,sweet_bakery_confectionery,3,0,3,0,0,0,1,0,1,1,0,0,0
21,Candies,sweet_bakery_confectionery,3,0,3,0,0,0,1,0,1,1,0,0,0
22,Carrot,vegetable_legume,0,3,0,1,1,0,0,1,0,0,0,0,1
23,Cauliflower,vegetable_legume,0,3,0,1,1,0,0,1,0,0,0,0,1
24,Cheesecake,sweet_bakery_confectionery,3,0,3,0,0,0,1,0,1,1,0,1,0
25,Cheese_souffle,savory_prepared,3,0,3,0,0,0,0,1,0,0,1,1,0
26,Cherries,fruit,0,3,0,1,1,0,1,0,0,0,0,0,1
27,Cherry_tomatoes,vegetable_legume,0,3,0,1,1,0,0,1,0,0,0,0,1
28,Chickpeas,vegetable_legume,0,3,0,1,1,0,0,1,0,0,0,0,1
29,Chocolate_bar,sweet_bakery_confectionery,3,0,3,0,0,0,1,0,1,1,0,0,0
30,Chocolate_cake,sweet_bakery_confectionery,3,0,3,0,0,0,1,0,1,1,0,1,0
31,Choco_cone,sweet_bakery_confectionery,3,0,3,0,0,0,1,0,1,1,0,0,0
32,Choco_cookies,sweet_bakery_confectionery,3,0,3,0,0,0,1,0,1,1,0,0,0
33,Choco_lava_cake,sweet_bakery_confectionery,3,0,3,0,0,0,1,0,1,1,0,1,0
34,Coconut,fruit,0,3,0,1,1,0,1,0,0,0,0,0,1
35,Codfish,meat_fish_egg,1,2,1,0,0,1,0,1,0,0,0,0,1
36,Corn,vegetable_legume,0,3,0,1,1,0,0,1,0,0,0,0,1
37,Cream_cake,sweet_bakery_confectionery,3,0,3,0,0,0,1,0,1,1,0,1,0
38,Crisps,savory_prepared,3,0,3,0,0,0,0,1,1,0,1,0,0
39,Croissant,bread_bakery,1,0,1,0,0,0,0,1,0,1,0,0,0
40,Cucumber,vegetable_legume,0,3,0,1,1,0,0,1,0,0,0,0,1
41,Currant,fruit,0,3,0,1,1,0,1,0,0,0,0,0,1
42,Donut,sweet_bakery_confectionery,3,0,3,0,0,0,1,0,1,1,0,0,0
43,Figs,fruit,0,3,0,1,1,0,1,0,0,0,0,0,1
44,Fried_egg,meat_fish_egg,1,1,1,0,0,1,0,1,0,0,0,0,1
45,Fries,savory_prepared,3,0,3,0,0,0,0,1,0,0,1,0,0
46,Grape_red,fruit,0,3,0,1,1,0,1,0,0,0,0,0,1
47,Grape_white,fruit,0,3,0,1,1,0,1,0,0,0,0,0,1
48,Ham,meat_fish_egg,3,0,3,0,0,1,0,1,0,0,0,0,1
49,Hamburger,savory_prepared,3,0,3,0,0,0,0,1,0,0,1,1,0
50,Herring,meat_fish_egg,1,2,1,0,0,1,0,1,0,0,0,0,1
51,Honey_melon,fruit,0,3,0,1,1,0,1,0,0,0,0,0,1
52,Hotdog,savory_prepared,3,0,3,0,0,0,0,1,0,0,1,1,0
53,Kiwi,fruit,0,3,0,1,1,0,1,0,0,0,0,0,1
54,Lasagna,savory_prepared,3,0,3,0,0,0,0,1,0,0,0,1,0
55,Lettuce,vegetable_legume,0,3,0,1,1,0,0,1,0,0,0,0,1
56,Magnum,sweet_bakery_confectionery,3,0,3,0,0,0,1,0,1,1,0,0,0
57,Mandarin,fruit,0,3,0,1,1,0,1,0,0,0,0,0,1
58,Mango,fruit,0,3,0,1,1,0,1,0,0,0,0,0,1
59,Mars,sweet_bakery_confectionery,3,0,3,0,0,0,1,0,1,1,0,0,0
60,Melon,fruit,0,3,0,1,1,0,1,0,0,0,0,0,1
61,MMs,sweet_bakery_confectionery,3,0,3,0,0,0,1,0,1,1,0,0,0
62,Muesli_bar,savory_prepared,3,0,3,0,0,0,0,1,1,0,0,0,0
63,Mushrooms,vegetable_legume,0,3,0,1,1,0,0,1,0,0,0,0,1
64,Mussles,meat_fish_egg,1,2,1,0,0,1,0,1,0,0,0,0,1
65,Nutella_sandwich,sweet_bakery_confectionery,3,0,3,0,0,0,1,0,1,1,0,1,0
66,Olives,vegetable_legume,0,3,0,1,1,0,0,1,0,0,0,0,1
67,Orange,fruit,0,3,0,1,1,0,1,0,0,0,0,0,1
68,Oyster,meat_fish_egg,1,2,1,0,0,1,0,1,0,0,0,0,1
69,Papaya,fruit,0,3,0,1,1,0,1,0,0,0,0,0,1
70,Pasta_pomodoro,savory_prepared,2,1,2,0,0,0,0,1,0,0,0,1,0
71,Pear,fruit,0,3,0,1,1,0,1,0,0,0,0,0,1
72,Pees,vegetable_legume,0,3,0,1,1,0,0,1,0,0,0,0,1
73,Pepper_red,vegetable_legume,0,3,0,1,1,0,0,1,0,0,0,0,1
74,Pineapple,fruit,0,3,0,1,1,0,1,0,0,0,0,0,1
75,Pizza,savory_prepared,3,0,3,0,0,0,0,1,0,0,1,1,0
76,Pomegranate,fruit,0,3,0,1,1,0,1,0,0,0,0,0,1
77,Popcorn,savory_prepared,3,0,3,0,0,0,0,1,1,0,0,0,0
78,Pound_cake,sweet_bakery_confectionery,3,0,3,0,0,0,1,0,1,1,0,1,0
79,Radicchio,vegetable_legume,0,3,0,1,1,0,0,1,0,0,0,0,1
80,Radish,vegetable_legume,0,3,0,1,1,0,0,1,0,0,0,0,1
81,Raspberries,fruit,0,3,0,1,1,0,1,0,0,0,0,0,1
82,Ribs,meat_fish_egg,1,0,1,0,0,1,0,1,0,0,0,0,1
83,Rice_waffle,bread_bakery,1,1,1,0,0,0,0,1,0,1,0,0,0
84,Roasted_potatoes,savory_prepared,2,1,2,0,0,0,0,1,0,0,0,1,0
85,Salami,meat_fish_egg,3,0,3,0,0,1,0,1,0,0,0,0,1
86,Smoked_sausage,meat_fish_egg,3,0,3,0,0,1,0,1,0,0,0,0,1
87,Strawberries,fruit,0,3,0,1,1,0,1,0,0,0,0,0,1
88,Sushi,savory_prepared,2,1,2,0,0,0,0,1,0,0,0,1,0
89,Tiramisu,sweet_bakery_confectionery,3,0,3,0,0,0,1,0,1,1,0,1,0
90,Tompoes,sweet_bakery_confectionery,3,0,3,0,0,0,1,0,1,1,0,1,0
91,Tuna,meat_fish_egg,1,2,1,0,0,1,0,1,0,0,0,0,1
92,Vanilla_icecream,sweet_bakery_confectionery,3,0,3,0,0,0,1,0,1,1,0,0,0
93,Waffle,sweet_bakery_confectionery,3,0,3,0,0,0,1,0,1,1,0,1,0
94,Watermelon,fruit,0,3,0,1,1,0,1,0,0,0,0,0,1
95,Zucchini,vegetable_legume,0,3,0,1,1,0,0,1,0,0,0,0,1
