probe,r_predCLIP,p_predCLIP,r_rawCalorie,p_rawCalorie,r_resCLIP,p_resCLIP
a baked dessert,0.5110890447840057,1.0331736332907686e-07,0.47772597049354704,8.570766828388903e-07,0.061343784268595984,0.5526926629195443
a confectionery food,0.50522879828938,1.5230730939626758e-07,0.49251597840549816,3.449032360902686e-07,0.10298449764797041,0.3180477069825699
bread or pastry,0.4064772452916986,3.96742417549956e-05,0.37993154439077303,0.00013454134553249653,0.04876362866711619,0.6370651679604528
an unhealthy food,0.3928356048712142,7.52791987286086e-05,0.3847184209811384,0.0001087737733597163,0.08376738765269262,0.41712135281517476
a processed food,0.37049442792887555,0.00020265692603596357,0.35854504188426356,0.0003344701504503805,0.07003254467186404,0.4977586312629696
a dessert,0.35802456475332756,0.00034169922317522526,0.3319806649192697,0.0009519209868087087,0.03738835314577808,0.7176081346007398
a high calorie food,0.32814673640148345,0.0010987937932523753,0.3258439000215483,0.001196637428560822,0.0793282205130712,0.4423179602642259
a sweet food,0.2934879110049419,0.0037065774335699564,0.2766007924392858,0.00637073966952284,0.03997135703872172,0.6990064191270188
a creamy food,0.2784702969684715,0.006009469176203199,0.20724292182990228,0.042763690864007824,-0.077409090965905,0.45347058733476314
a snack,0.24938821646381432,0.014272316302420473,0.22574098107640697,0.027004247334544904,0.014540336942641036,0.8881805674447784
a fatty oily food,0.23174256615594654,0.023093624798663698,0.25198480006108753,0.013260353896170144,0.10171149081870244,0.3240984510206492
a fried food,0.20673536325095182,0.043286124774508265,0.22710313847020916,0.026070532550542865,0.0955617363956628,0.35435939851623494
a full meal,0.1812315979132111,0.0772109302366913,0.16338403896569975,0.1117068476137867,0.009181369836987818,0.9292550609987984
a low calorie food,0.10869275382736125,0.2918172480148445,0.10807744711266296,0.29457381470135696,0.026584145885264025,0.797098667986688
fast food,0.10461716604957193,0.31039476305760055,0.1380809174340718,0.17971758392430773,0.09673846605672463,0.34843728084716685
a packaged snack,0.08368553253171646,0.41757829015766507,0.09106597031010316,0.37755629072409524,0.03687711874349647,0.7213098566979748
meat or fish,0.049312508527192156,0.6332743985252279,0.05498028183190545,0.5946978728320236,0.02448545166731252,0.8128117401166626
a light food,0.035633319124930396,0.7303426181369898,-0.016628649305146157,0.8722480404322088,-0.1000511140970622,0.3321005035856766
a savory food,-0.046902965623289966,0.6499848146055222,-0.06417786442223737,0.5344576073468824,-0.04811768856279412,0.6415382650717697
a drink or beverage,-0.30340046782955377,0.0026563890232427804,-0.34827973086711167,0.000506553058554864,-0.17155781028824296,0.09465991085678149
a dense rich food,-0.37438045316149826,0.00017145875213010465,-0.42167291568332677,1.8797376577846647e-05,-0.19479937203580516,0.05718467921526883
a healthy food,-0.41074165999771906,3.2288122787648965e-05,-0.42726456631183735,1.4149174192510574e-05,-0.13983770760908057,0.1741899462216747
a salad,-0.4678718919463115,1.5357215170697042e-06,-0.4872280993470696,4.799239875649219e-07,-0.16040578514306436,0.11847916485396799
a vegetable dish,-0.601382567784998,9.222121747784324e-11,-0.6231794992642044,1.1975631400001937e-11,-0.19973821618299772,0.051045232593283946
an unprocessed natural food,-0.6787826622076092,2.962354344614332e-14,-0.714047930016126,3.1703566038347955e-16,-0.24772280904395988,0.014956090387196141
a fruit,-0.7300387901760101,3.2120637314047816e-17,-0.740476105908684,6.588594143103751e-18,-0.20899373585087905,0.04100165582854921
fresh produce,-0.748072760998327,1.981588569021468e-18,-0.7754215107529915,1.7914517022504495e-20,-0.24894983391231684,0.014449620798182334
a raw vegetable or fruit,-0.8450952663430025,2.6390450664117115e-27,-0.8685686690270433,2.0593528848952355e-30,-0.2657306290247624,0.008877495930054432
