index,stim_csv_condition,expected_condition_from_user,match
0,Almonds,Almonds,True
1,Apple,Apple,True
2,Apricot,Apricot,True
3,Asparagus_green,Asparagus_green,True
4,Aubergine,Aubergine,True
5,Avocado,Avocado,True
6,Bacon,Bacon,True
7,Baguette,Baguette,True
8,Banana,Banana,True
9,Beetroot,Beetroot,True
10,Berliner,Berliner,True
11,Bitterballs,Bitterballs,True
12,Blackberries,Blackberries,True
13,Blue_cheese,Blue_cheese,True
14,Bonbon,Bonbon,True
15,Brie,Brie,True
16,Broccoli,Broccoli,True
17,Brownie,Brownie,True
18,Brussels_sprout,Brussels_sprout,True
19,Butter_biscuit,Butter_biscuit,True
20,Cake,Cake,True
21,Candies,Candies,True
22,Carrot,Carrot,True
23,Cauliflower,Cauliflower,True
24,Cheesecake,Cheesecake,True
25,Cheese_souffle,Cheese_souffle,True
26,Cherries,Cherries,True
27,Cherry_tomatoes,Cherry_tomatoes,True
28,Chickpeas,Chickpeas,True
29,Chocolate_bar,Chocolate_bar,True
30,Chocolate_cake,Chocolate_cake,True
31,Choco_cone,Choco_cone,True
32,Choco_cookies,Choco_cookies,True
33,Choco_lava_cake,Choco_lava_cake,True
34,Coconut,Coconut,True
35,Codfish,Codfish,True
36,Corn,Corn,True
37,Cream_cake,Cream_cake,True
38,Crisps,Crisps,True
39,Croissant,Croissant,True
40,Cucumber,Cucumber,True
41,Currant,Currant,True
42,Donut,Donut,True
43,Figs,Figs,True
44,Fried_egg,Fried_egg,True
45,Fries,Fries,True
46,Grape_red,Grape_red,True
47,Grape_white,Grape_white,True
48,Ham,Ham,True
49,Hamburger,Hamburger,True
50,Herring,Herring,True
51,Honey_melon,Honey_melon,True
52,Hotdog,Hotdog,True
53,Kiwi,Kiwi,True
54,Lasagna,Lasagna,True
55,Lettuce,Lettuce,True
56,Magnum,Magnum,True
57,Mandarin,Mandarin,True
58,Mango,Mango,True
59,Mars,Mars,True
60,Melon,Melon,True
61,MMs,MMs,True
62,Muesli_bar,Muesli_bar,True
63,Mushrooms,Mushrooms,True
64,Mussles,Mussles,True
65,Nutella_sandwich,Nutella_sandwich,True
66,Olives,Olives,True
67,Orange,Orange,True
68,Oyster,Oyster,True
69,Papaya,Papaya,True
70,Pasta_pomodoro,Pasta_pomodoro,True
71,Pear,Pear,True
72,Pees,Pees,True
73,Pepper_red,Pepper_red,True
74,Pineapple,Pineapple,True
75,Pizza,Pizza,True
76,Pomegranate,Pomegranate,True
77,Popcorn,Popcorn,True
78,Pound_cake,Pound_cake,True
79,Radicchio,Radicchio,True
80,Radish,Radish,True
81,Raspberries,Raspberries,True
82,Ribs,Ribs,True
83,Rice_waffle,Rice_waffle,True
84,Roasted_potatoes,Roasted_potatoes,True
85,Salami,Salami,True
86,Smoked_sausage,Smoked_sausage,True
87,Strawberries,Strawberries,True
88,Sushi,Sushi,True
89,Tiramisu,Tiramisu,True
90,Tompoes,Tompoes,True
91,Tuna,Tuna,True
92,Vanilla_icecream,Vanilla_icecream,True
93,Waffle,Waffle,True
94,Watermelon,Watermelon,True
95,Zucchini,Zucchini,True
