index,condition,RawCalorie_z,PredCLIP_z,ResCLIP_z,category_manual,processedness_0_3,naturalness_0_3,preparation_0_3,fruit_veg,raw_produce,animal_product,sweet_food,savory_food,dessert_snack,bakery_confectionery,fast_food_or_fried,composite_food,single_ingredient,clip_axis_processed_minus_natural_z,clip_axis_baked_confectionery_minus_fresh_produce_z,clip_axis_prepared_composite_minus_single_ingredient_z,clip_axis_energy_dense_treat_minus_light_food_z,clip_axis_animal_savory_processed_minus_plant_fresh_z,PredCLIP_hat_core_annotations_z,PredCLIP_resid_core_annotations_z,PredCLIP_hat_core_annotations_plus_category_z,PredCLIP_resid_core_annotations_plus_category_z,rank_predCLIP_low_to_high,rank_rawCalorie_low_to_high,rank_resCLIP_low_to_high
0,Almonds,0.5605748,0.37556037,0.48283613,nuts_seeds,1,2,0,0,0,0,0,1,1,0,0,0,1,-0.28762454,0.13688247,-1.4548126,0.4322437,-0.39966595,0.42810324,6.4496504e-07,0.42536464,7.5124916e-07,59.0,57.0,67.0
1,Apple,-1.0936306,-0.8189682,-0.78382546,fruit,0,3,0,1,1,0,1,0,0,0,0,0,1,-0.71813834,-0.51855415,-0.5888668,-0.5479638,-0.61589706,-1.0597903,0.23072389,-0.9467728,0.036099426,28.0,22.0,20.0
2,Apricot,-0.94189346,-0.16984403,-1.6565456,fruit,0,3,0,1,1,0,1,0,0,0,0,0,1,-0.26440695,0.225319,-0.6315605,0.22351734,-0.41630742,-1.0597903,1.5830487,-0.9467728,1.4185798,43.0,35.0,7.0
3,Asparagus_green,-1.1315646,-1.38469,0.1737943,vegetable_legume,0,3,0,1,1,0,0,1,0,0,0,0,1,-0.77386,-1.1937985,-0.26034075,-1.5936522,-0.45419586,-1.0597903,-0.94784844,-1.1872054,-0.71664554,7.0,17.0,53.0
4,Aubergine,-1.2318196,-1.1009603,-0.5556915,vegetable_legume,0,3,0,1,1,0,0,1,0,0,0,0,1,-1.0405693,-1.243536,-0.9543375,-1.306019,-1.0129532,-1.0597903,-0.35675216,-1.1872054,-0.1123684,17.0,7.0,26.0
5,Avocado,0.27200347,-0.4203362,1.338686,fruit,0,3,0,1,1,0,1,0,0,0,0,0,1,-0.6425756,-0.46542874,-0.41811353,-0.3723291,-0.62494904,-1.0597903,1.0611967,-0.9467728,0.88509095,39.0,52.0,89.0
6,Bacon,1.0442369,0.96937674,0.40495646,meat_fish_egg,3,0,3,0,0,1,0,1,0,0,0,0,1,0.8360969,-0.31919804,0.8049898,-0.403264,1.7908026,0.73850125,0.66981506,0.5903733,0.9544072,80.0,73.0,65.0
7,Baguette,0.5321243,1.0768787,-0.8620024,bread_bakery,1,1,1,0,0,0,0,1,0,1,0,0,0,1.238693,0.61585194,0.42317936,0.41557708,1.383501,0.753551,0.86626947,0.54725814,1.2644343,82.0,55.0,18.0
8,Banana,-0.48939162,-0.6375268,0.14602305,fruit,0,3,0,1,1,0,1,0,0,0,0,0,1,-0.57928395,-0.7815246,-1.0346746,-0.5087321,-0.7635094,-1.0597903,0.608722,-0.9467728,0.42252648,34.0,41.0,52.0
9,Beetroot,-1.0678893,-1.3364464,0.2184046,vegetable_legume,0,3,0,1,1,0,0,1,0,0,0,0,1,-1.6410564,-0.7308861,-1.4869481,-1.0485995,-0.46232852,-1.0597903,-0.8473421,-1.1872054,-0.61389804,9.0,23.0,57.0
10,Berliner,1.0591397,0.9142611,0.53710985,sweet_bakery_confectionery,3,0,3,0,0,0,1,0,1,1,0,0,0,1.0823911,1.7986337,0.6023136,1.8378342,0.85801697,1.0970546,-0.100304194,1.1291319,-0.17605531,78.0,76.0,70.0
11,Bitterballs,0.9250149,0.43638754,1.132753,savory_prepared,3,0,3,0,0,0,0,1,0,0,1,1,0,0.48273695,-0.057543084,0.50482094,0.42283326,0.8811828,0.93111086,-0.7925808,0.91543084,-0.79197,62.0,67.0,84.0
12,Blackberries,-1.0611154,-1.105247,-0.19119266,fruit,0,3,0,1,1,0,1,0,0,0,0,0,1,-1.0379993,-0.60192037,-0.6593704,-0.6263374,-1.0746238,-1.0597903,-0.3656828,-0.9467728,-0.57360655,15.0,24.0,41.0
13,Blue_cheese,0.49012563,0.85348403,-0.54030275,dairy_cheese,1,1,1,0,0,1,0,1,0,0,0,0,1,0.053460233,0.2629594,0.4203545,0.30946872,0.19255543,0.3949978,1.0561663,0.82497334,0.26644242,75.0,53.0,28.0
14,Bonbon,1.1241698,1.5014272,-0.40320346,sweet_bakery_confectionery,3,0,3,0,0,0,1,0,1,1,0,0,0,0.9460026,1.6297817,0.3981339,1.8043832,0.32681966,1.0970546,1.1229429,1.1291319,1.0744691,88.0,81.0,34.0
15,Brie,0.6201859,0.6032739,0.1900173,dairy_cheese,1,1,1,0,0,1,0,1,0,0,0,0,1,0.6491164,1.0477748,0.61392766,0.83261496,0.4830605,0.3949978,0.5349018,0.82497334,-0.26644573,64.0,58.0,55.0
16,Broccoli,-1.1383388,-0.7894586,-0.93131787,vegetable_legume,0,3,0,1,1,0,0,1,0,0,0,0,1,-0.56910837,-1.7196653,0.1532959,-1.119991,-1.3953452,-1.0597903,0.29220146,-1.1872054,0.55105627,29.0,15.0,14.0
17,Brownie,1.1973289,1.5966204,-0.4248298,sweet_bakery_confectionery,3,0,3,0,0,0,1,0,1,1,0,0,0,0.7606936,1.3503826,0.8566507,1.0219439,-0.014137786,1.0970546,1.3212597,1.1291319,1.2772082,92.0,87.0,32.0
18,Brussels_sprout,-1.208788,-1.5367068,0.29107714,vegetable_legume,0,3,0,1,1,0,0,1,0,0,0,0,1,-0.73851365,-1.38388,-0.06427081,-0.9432345,-1.122013,-1.0597903,-1.264546,-1.1872054,-1.0404052,4.0,9.0,60.0
19,Butter_biscuit,0.8450819,0.894349,0.12638748,sweet_bakery_confectionery,3,0,3,0,0,0,1,0,1,1,0,0,0,0.9986481,1.6887587,0.96035,1.4756078,0.9226626,1.0970546,-0.14178726,1.1291319,-0.2184634,77.0,64.0,51.0
20,Cake,0.904693,0.63938814,0.71822965,sweet_bakery_confectionery,3,0,3,0,0,0,1,0,1,1,0,0,0,0.64622766,1.3729558,0.39144403,1.1938893,0.67379695,1.0970546,-0.67294896,1.1291319,-0.7614695,67.0,66.0,75.0
21,Candies,1.0862356,0.6659622,1.0488098,sweet_bakery_confectionery,3,0,3,0,0,0,1,0,1,1,0,0,0,0.9393938,-0.25059772,-0.51102966,0.9301545,-0.43086332,1.0970546,-0.617587,1.1291319,-0.704873,69.0,77.0,82.0
22,Carrot,-1.2033689,-1.0605986,-0.57022727,vegetable_legume,0,3,0,1,1,0,0,1,0,0,0,0,1,-0.40982163,-1.2330358,-1.2773118,-1.2329439,-0.31819493,-1.0597903,-0.27266648,-1.1872054,-0.026407674,18.0,10.0,25.0
23,Cauliflower,-1.1004044,-1.5761815,0.58986706,vegetable_legume,0,3,0,1,1,0,0,1,0,0,0,0,1,-1.282656,-1.5472367,-0.39419457,-1.6567729,-1.447619,-1.0597903,-1.346784,-1.1872054,-1.1244769,3.0,20.0,73.0
24,Cheesecake,1.1458465,0.6689515,1.1678722,sweet_bakery_confectionery,3,0,3,0,0,0,1,0,1,1,0,1,0,0.8679561,1.5164757,1.059131,0.8672104,1.0058451,1.3157405,-1.0110325,1.312387,-1.0430983,70.0,84.0,85.0
25,Cheese_souffle,1.1783619,1.1922116,0.27675685,savory_prepared,3,0,3,0,0,0,0,1,0,0,1,1,0,1.8169478,1.1029806,1.4664308,1.1979854,1.6041924,0.93111086,0.7820328,0.91543084,0.81775594,85.0,86.0,59.0
26,Cherries,-1.0462127,-0.72202325,-0.86244196,fruit,0,3,0,1,1,0,1,0,0,0,0,0,1,-1.359884,-0.9963847,-1.303509,-0.1786124,-1.3726513,-1.0597903,0.43268993,-0.9467728,0.24256912,32.0,26.0,17.0
27,Cherry_tomatoes,-1.1329194,-1.0526638,-0.43758464,vegetable_legume,0,3,0,1,1,0,0,1,0,0,0,0,1,-0.9557878,-1.6529447,-0.52491796,-1.2305037,-1.2585136,-1.0597903,-0.25613582,-1.1872054,-0.009508414,19.0,16.0,31.0
28,Chickpeas,-0.015213169,-0.024615623,0.013332339,vegetable_legume,0,3,0,1,1,0,0,1,0,0,0,0,1,-0.24433945,-0.19114386,-1.225294,0.19133729,-0.16471595,-1.0597903,1.885604,-1.1872054,2.1799903,45.0,47.0,46.0
29,Chocolate_bar,1.0442369,0.648545,0.9929871,sweet_bakery_confectionery,3,0,3,0,0,0,1,0,1,1,0,0,0,0.70962393,1.054475,0.19382599,1.6280478,0.14416577,1.0970546,-0.6538724,1.1291319,-0.7419675,68.0,74.0,80.0
30,Chocolate_cake,1.4262893,1.800064,-0.31935427,sweet_bakery_confectionery,3,0,3,0,0,0,1,0,1,1,0,1,0,0.48643646,2.0418377,1.1216271,1.6561806,0.13425435,1.3157405,1.3454219,1.312387,1.3659028,94.0,96.0,38.0
31,Choco_cone,1.1322988,2.6147687,-2.4267879,sweet_bakery_confectionery,3,0,3,0,0,0,1,0,1,1,0,0,0,0.28031027,0.7949321,-0.062270783,0.5906915,0.33660194,1.0970546,3.4423752,1.1291319,3.4456224,96.0,82.0,2.0
32,Choco_cookies,1.1092672,0.8306323,0.7951156,sweet_bakery_confectionery,3,0,3,0,0,0,1,0,1,1,0,0,0,0.65576655,1.4878979,0.6100225,1.6882726,0.31915417,1.0970546,-0.2745286,1.1291319,-0.35416475,74.0,80.0,77.0
33,Choco_lava_cake,1.3734521,1.5486237,0.031103956,sweet_bakery_confectionery,3,0,3,0,0,0,1,0,1,1,0,1,0,1.0474621,2.3181808,1.0549942,1.8867117,0.5291912,1.3157405,0.82159466,1.312387,0.83039457,90.0,93.0,49.0
34,Coconut,-0.56390536,-1.3459333,1.2887359,fruit,0,3,0,1,1,0,1,0,0,0,0,0,1,-0.8819313,0.28204116,-0.5212269,0.39254165,-0.67259586,-1.0597903,-0.86710626,-0.9467728,-1.0862113,8.0,40.0,87.0
35,Codfish,-0.11275849,0.072862476,-0.36912417,meat_fish_egg,1,2,1,0,0,1,0,1,0,0,0,0,1,0.3438675,-0.095314816,1.1225364,-0.9227898,0.9134622,-0.09202961,0.31998938,-0.13800098,0.41467622,48.0,43.0,37.0
36,Corn,-0.77660835,-0.57146275,-0.5751259,vegetable_legume,0,3,0,1,1,0,0,1,0,0,0,0,1,0.61671555,-0.36755487,0.22597668,-0.023523474,0.002489085,-1.0597903,0.7463537,-1.1872054,1.0153357,35.0,39.0,23.0
37,Cream_cake,1.2853905,1.5460632,-0.14818479,sweet_bakery_confectionery,3,0,3,0,0,0,1,0,1,1,0,1,0,0.3559673,1.02089,1.9886084,0.014378715,-0.47254553,1.3157405,0.81626034,1.312387,0.82494134,89.0,91.0,44.0
38,Crisps,1.2041028,1.5864749,-0.3920826,savory_prepared,3,0,3,0,0,0,0,1,1,0,1,0,0,1.4650036,-0.13744429,-0.20134918,0.18891962,1.0540301,0.71242493,2.0030773,0.73217595,2.0020347,91.0,88.0,35.0
39,Croissant,0.8437271,0.60801876,0.6483521,bread_bakery,1,0,1,0,0,0,0,1,0,1,0,0,0,1.0264318,0.70936817,-0.028620288,0.33536267,1.5953336,1.2405785,-1.0006073,1.04268,-0.66571504,66.0,63.0,74.0
40,Cucumber,-1.4851664,-1.1040853,-1.0792661,vegetable_legume,0,3,0,1,1,0,0,1,0,0,0,0,1,-0.89112544,-1.4018441,-1.2526263,-1.7373466,-1.1507795,-1.0597903,-0.36326265,-1.1872054,-0.11902405,16.0,2.0,10.0
41,Currant,-1.2250456,-1.704042,0.5638085,fruit,0,3,0,1,1,0,1,0,0,0,0,0,1,-1.2802273,-0.46948674,-1.1548069,-0.5508552,-0.9081694,-1.0597903,-1.6131564,-0.9467728,-1.8488977,1.0,8.0,71.0
42,Donut,1.3314536,1.4101951,0.19707513,sweet_bakery_confectionery,3,0,3,0,0,0,1,0,1,1,0,0,0,1.4444897,1.163661,0.38596264,1.3203971,0.9230482,1.0970546,0.93287855,1.1291319,0.8801664,87.0,92.0,56.0
43,Figs,-0.82944536,-1.1907244,0.44948733,fruit,0,3,0,1,1,0,1,0,0,0,0,0,1,-1.9939418,-1.1332577,-1.1837614,-0.31459728,-1.6081913,-1.0597903,-0.5437584,-0.9467728,-0.755653,13.0,38.0,66.0
44,Fried_egg,0.06336496,0.38484538,-0.57297224,meat_fish_egg,1,1,1,0,0,1,0,1,0,0,0,0,1,0.42722562,0.1341485,1.1249563,-0.6456362,0.6566154,0.3949978,0.079848066,0.35742095,0.14753662,60.0,49.0,24.0
45,Fries,1.2366177,0.15653735,2.2966843,savory_prepared,3,0,3,0,0,0,0,1,0,0,1,0,0,1.1056504,-0.46719742,1.0457113,-0.35459086,0.4259791,0.71242493,-0.97592145,0.73217595,-1.0433929,51.0,90.0,95.0
46,Grape_red,-0.8484125,-0.46135533,-0.92695034,fruit,0,3,0,1,1,0,1,0,0,0,0,0,1,-1.2127837,-0.76162237,-0.8485569,-1.1717563,-1.0703602,-1.0597903,0.9757412,-0.9467728,0.7977299,38.0,36.0,15.0
47,Grape_white,-0.958151,-0.86956996,-0.40803155,fruit,0,3,0,1,1,0,1,0,0,0,0,0,1,-1.533815,-0.81372523,-0.6639472,-0.9207711,-1.3667103,-1.0597903,0.12530485,-0.9467728,-0.07167035,27.0,34.0,33.0
48,Ham,0.5361885,0.10242565,0.9324972,meat_fish_egg,3,0,3,0,0,1,0,1,0,0,0,0,1,0.39054912,-0.52433974,-0.3487025,-0.31603062,1.3465548,0.73850125,-1.1363102,0.5903733,-0.8919929,49.0,56.0,79.0
49,Hamburger,1.4140961,0.607641,1.8406821,savory_prepared,3,0,3,0,0,0,0,1,0,0,1,1,0,1.2480105,-0.2240601,0.8205453,0.53308165,0.8792457,0.93111086,-0.4358073,0.91543084,-0.42724082,65.0,95.0,93.0
50,Herring,0.2692938,0.16858636,0.25362888,meat_fish_egg,1,2,1,0,0,1,0,1,0,0,0,0,1,-0.8393661,0.36461952,-0.62967604,-1.2769452,0.5608642,-0.09202961,0.5194116,-0.13800098,0.61854535,52.0,51.0,58.0
51,Honey_melon,-1.0543414,-1.0368608,-0.30238056,fruit,0,3,0,1,1,0,1,0,0,0,0,0,1,-1.1091778,-0.49141276,-0.58345664,-0.15720114,-0.8598576,-1.0597903,-0.22321337,-0.9467728,-0.42796022,20.0,25.0,39.0
52,Hotdog,1.0063027,1.0839128,0.1157774,savory_prepared,3,0,3,0,0,0,0,1,0,0,1,1,0,1.5698563,0.226291,1.1812526,0.8370751,1.8725052,0.93111086,0.55641323,0.91543084,0.5871053,83.0,72.0,50.0
53,Kiwi,-0.98524684,0.12870944,-2.2943196,fruit,0,3,0,1,1,0,1,0,0,0,0,0,1,-0.92941463,-0.6449955,-0.7149052,-0.25633544,-1.1065154,-1.0597903,2.2050273,-0.9467728,2.0544279,50.0,32.0,3.0
54,Lasagna,0.8694683,1.7278954,-1.3504139,savory_prepared,3,0,3,0,0,0,0,1,0,0,0,1,0,1.4689474,0.7809112,2.5440693,0.65200573,1.7637353,1.0394428,1.7000377,0.997238,1.8048054,93.0,65.0,9.0
55,Lettuce,-1.5176815,-1.2013199,-0.968983,vegetable_legume,0,3,0,1,1,0,0,1,0,0,0,0,1,-1.0735921,-1.5335432,0.0069832746,-2.2949371,-1.0694888,-1.0597903,-0.5658322,-1.1872054,-0.3261107,12.0,1.0,12.0
56,Magnum,1.1336536,0.2677723,1.8776925,sweet_bakery_confectionery,3,0,3,0,0,0,1,0,1,1,0,0,0,0.58313805,1.3581307,0.39152718,0.36326304,0.8945731,1.0970546,-1.4471388,1.1291319,-1.552923,56.0,83.0,94.0
57,Mandarin,-1.116662,-1.1797853,-0.17062679,fruit,0,3,0,1,1,0,1,0,0,0,0,0,1,-1.1559482,-0.94886583,-1.3588364,-0.43513274,-1.2343898,-1.0597903,-0.52096885,-0.9467728,-0.7323553,14.0,18.0,42.0
58,Mango,-0.84028375,-0.56327796,-0.7231603,fruit,0,3,0,1,1,0,1,0,0,0,0,0,1,-1.2307299,-0.70671356,-1.4896041,-0.7502232,-1.2537112,-1.0597903,0.7634051,-0.9467728,0.5806589,36.0,37.0,21.0
59,Mars,1.2325535,0.952437,0.829443,sweet_bakery_confectionery,3,0,3,0,0,0,1,0,1,1,0,0,0,1.2151512,1.6087766,0.042732235,1.8026818,0.9022091,1.0970546,-0.020772118,1.1291319,-0.09474975,79.0,89.0,78.0
60,Melon,-1.0963401,-0.7390534,-0.93595654,fruit,0,3,0,1,1,0,1,0,0,0,0,0,1,-1.3487047,-0.94132495,-1.2133716,-0.6668209,-1.5989478,-1.0597903,0.39721084,-0.9467728,0.20629887,31.0,21.0,13.0
61,MMs,0.9615944,0.22898126,1.5893171,sweet_bakery_confectionery,3,0,3,0,0,0,1,0,1,1,0,0,0,0.90580416,0.32844546,0.0075206836,0.82014614,-0.22953671,1.0970546,-1.5279524,1.1291319,-1.6355388,54.0,70.0,91.0
62,Muesli_bar,0.50638306,-0.0040163486,1.0653169,savory_prepared,3,0,3,0,0,0,0,1,1,0,0,0,0,0.51654375,0.9557886,0.17736517,1.0609267,0.71978706,0.82075685,-1.5083928,0.81398314,-1.539164,47.0,54.0,83.0
63,Mushrooms,-1.1776277,-0.5382885,-1.4737543,vegetable_legume,0,3,0,1,1,0,0,1,0,0,0,0,1,-1.08827,-0.47987434,-0.50140226,-0.7205478,-0.16771118,-1.0597903,0.81546587,-1.1872054,1.085989,37.0,12.0,8.0
64,Mussles,-0.049083058,-0.69424117,1.169881,meat_fish_egg,1,2,1,0,0,1,0,1,0,0,0,0,1,0.5635952,0.56397957,1.3513583,-0.4954348,0.8463748,-0.09202961,-1.278123,-0.13800098,-1.2190725,33.0,46.0,86.0
65,Nutella_sandwich,1.0550752,0.42108303,1.4325304,sweet_bakery_confectionery,3,0,3,0,0,0,1,0,1,1,0,1,0,1.5278848,1.5356249,1.9356093,1.026304,0.9459977,1.3157405,-1.5274186,1.312387,-1.5709994,61.0,75.0,90.0
66,Olives,-0.058566716,-1.0307943,1.7669127,vegetable_legume,0,3,0,1,1,0,0,1,0,0,0,0,1,-1.1816567,-0.833825,-1.3800914,-0.55340487,-0.87219507,-1.0597903,-0.21057487,-1.1872054,0.037068516,21.0,45.0,92.0
67,Orange,-1.0448579,-0.90401566,-0.52605,fruit,0,3,0,1,1,0,1,0,0,0,0,0,1,-0.996743,-0.84139097,-1.2407025,-0.6565564,-1.1011893,-1.0597903,0.053543877,-0.9467728,-0.14503153,23.0,27.0,29.0
68,Oyster,-0.09514613,-0.019130046,-0.1637209,meat_fish_egg,1,2,1,0,0,1,0,1,0,0,0,0,1,-0.30627462,-0.019217752,0.5428197,0.46561006,0.47721207,-0.09202961,0.12834072,-0.13800098,0.21875396,46.0,44.0,43.0
69,Papaya,-0.97305375,-1.3122681,0.3722243,fruit,0,3,0,1,1,0,1,0,0,0,0,0,1,-0.81695783,-0.50317115,-0.56805104,-0.25703877,-0.7431143,-1.0597903,-0.7969714,-0.9467728,-1.0145124,10.0,33.0,63.0
70,Pasta_pomodoro,0.7353435,0.54843456,0.5311206,savory_prepared,2,1,2,0,0,0,0,1,0,0,0,1,0,1.2010016,0.13545758,2.5642169,0.5856492,0.83224964,0.6241772,0.0018033521,0.63305074,-0.022350298,63.0,61.0,69.0
71,Pear,-1.0218263,-0.9591036,-0.37696448,fruit,0,3,0,1,1,0,1,0,0,0,0,0,1,-1.6100485,-1.1329825,-1.9496577,-1.3192729,-1.5053444,-1.0597903,-0.06122118,-0.9467728,-0.26235574,22.0,31.0,36.0
72,Pees,-1.103114,-0.29988998,-1.7550218,vegetable_legume,0,3,0,1,1,0,0,1,0,0,0,0,1,0.24187014,-0.66942203,-0.34461436,-0.4895056,-0.9646586,-1.0597903,1.3121231,-1.1872054,1.5937212,40.0,19.0,5.0
73,Pepper_red,-1.2575607,-1.280237,-0.2808867,vegetable_legume,0,3,0,1,1,0,0,1,0,0,0,0,1,-1.0489715,-1.4064529,-0.6081053,-1.0675778,-0.9903844,-1.0597903,-0.7302406,-1.1872054,-0.49418524,11.0,5.0,40.0
74,Pineapple,-1.0380838,-0.1142449,-1.9594142,fruit,0,3,0,1,1,0,1,0,0,0,0,0,1,-0.22471368,-0.33494225,-0.3662426,-0.3694744,-0.32592633,-1.0597903,1.6988789,-0.9467728,1.5369928,44.0,28.0,4.0
75,Pizza,1.3829356,0.2709634,2.3926537,savory_prepared,3,0,3,0,0,0,0,1,0,0,1,1,0,1.1629214,0.1008722,0.6375627,0.15687731,0.69613606,0.93111086,-1.13721,0.91543084,-1.1442842,57.0,94.0,96.0
76,Pomegranate,-1.0353742,-0.883156,-0.54446846,fruit,0,3,0,1,1,0,1,0,0,0,0,0,1,-1.0447204,-0.71976596,-1.4505072,-0.36157072,-0.88591534,-1.0597903,0.09700095,-0.9467728,-0.100605406,26.0,29.0,27.0
77,Popcorn,-0.12901603,0.78038424,-1.6998584,savory_prepared,3,0,3,0,0,0,0,1,1,0,0,0,0,0.920583,0.45547953,0.7839902,0.8084131,0.20819438,0.82075685,0.12575436,0.81398314,0.13142315,72.0,42.0,6.0
78,Pound_cake,0.92772454,0.3393576,1.3162535,sweet_bakery_confectionery,3,0,3,0,0,0,1,0,1,1,0,1,0,0.31125847,1.6962484,0.24138373,1.086949,0.49071783,1.3157405,-1.6976777,1.312387,-1.7450552,58.0,68.0,88.0
79,Radicchio,-1.1938853,-0.9000199,-0.8447276,vegetable_legume,0,3,0,1,1,0,0,1,0,0,0,0,1,-0.943515,-0.66010207,-0.57659024,-1.5304867,-0.3243568,-1.0597903,0.061868303,-1.1872054,0.31558692,24.0,11.0,19.0
80,Radish,-1.3198813,-1.6726481,0.30813402,vegetable_legume,0,3,0,1,1,0,0,1,0,0,0,0,1,-1.4715697,-0.8157544,-0.80269086,-0.8598665,-0.994545,-1.0597903,-1.5477533,-1.1872054,-1.3299278,2.0,3.0,61.0
81,Raspberries,-1.1613703,-0.7412845,-1.0677311,fruit,0,3,0,1,1,0,1,0,0,0,0,0,1,-1.1070616,-0.7385832,-0.5667041,-1.2726928,-1.063693,-1.0597903,0.39256287,-0.9467728,0.20154725,30.0,13.0,11.0
82,Ribs,0.9548203,0.8746377,0.3917846,meat_fish_egg,1,0,1,0,0,1,0,1,0,0,0,0,1,1.0324577,0.16969317,2.0596473,0.22875057,2.0496354,0.88202536,0.2101382,0.8528428,0.25908908,76.0,69.0,64.0
83,Rice_waffle,-1.150532,0.2020589,-2.7740772,bread_bakery,1,1,1,0,0,0,0,1,0,1,0,0,0,0.38786638,0.65151083,0.30108023,0.87851816,0.35678446,0.753551,-0.9562486,0.54725814,-0.5987242,53.0,14.0,1.0
84,Roasted_potatoes,0.71773106,1.1876262,-0.677207,savory_prepared,2,1,2,0,0,0,0,1,0,0,0,1,0,0.7544206,-0.34892806,0.4014692,0.12418949,0.8510982,0.6241772,1.3334359,0.63305074,1.3389763,84.0,60.0,22.0
85,Salami,0.6892805,0.23605731,1.0074188,meat_fish_egg,3,0,3,0,0,1,0,1,0,0,0,0,1,0.28262582,-0.1077267,-1.0347972,0.13976486,1.40912,0.73850125,-0.8579144,0.5903733,-0.60738915,55.0,59.0,81.0
86,Smoked_sausage,0.7746325,0.68391937,0.36488384,meat_fish_egg,3,0,3,0,0,1,0,1,0,0,0,0,1,1.1374322,0.13696563,0.38325143,0.0177104,2.1296878,0.73850125,0.07511974,0.5903733,0.34645075,71.0,62.0,62.0
87,Strawberries,-1.0231811,-0.8842251,-0.5170347,fruit,0,3,0,1,1,0,1,0,0,0,0,0,1,-0.9662049,-0.8277555,-1.0610499,-0.84681946,-1.3365159,-1.0597903,0.09477375,-0.9467728,-0.10288227,25.0,30.0,30.0
88,Sushi,0.025430594,-0.2457079,0.50347185,savory_prepared,2,1,2,0,0,0,0,1,0,0,0,1,0,-0.3666662,-0.9478642,0.5705527,-0.5891648,-0.52382684,0.6241772,-1.652639,0.63305074,-1.7136854,41.0,48.0,68.0
89,Tiramisu,1.1648139,1.8262022,-0.9135462,sweet_bakery_confectionery,3,0,3,0,0,0,1,0,1,1,0,1,0,1.9076991,1.5211608,1.9112887,2.4793913,1.6338909,1.3157405,1.3998758,1.312387,1.4215709,95.0,85.0,16.0
90,Tompoes,1.0875906,1.2426631,-0.0053552147,sweet_bakery_confectionery,3,0,3,0,0,0,1,0,1,1,0,1,0,0.95758235,1.7933363,0.27174157,1.4447632,1.0383139,1.3157405,0.18418492,1.312387,0.17877126,86.0,78.0,45.0
91,Tuna,0.07013884,-0.23500144,0.577255,meat_fish_egg,1,2,1,0,0,1,0,1,0,0,0,0,1,0.62013847,0.07745714,0.4389376,-0.6086999,1.0433649,-0.09202961,-0.32138568,-0.13800098,-0.24100089,42.0,50.0,72.0
92,Vanilla_icecream,0.9670135,1.0024906,0.18292622,sweet_bakery_confectionery,3,0,3,0,0,0,1,0,1,1,0,0,0,0.1756747,0.92178136,-0.09182032,0.60892785,0.19001886,1.0970546,0.08350501,1.1291319,0.011852664,81.0,71.0,54.0
93,Waffle,1.0930096,0.82463694,0.7721381,sweet_bakery_confectionery,3,0,3,0,0,0,1,0,1,1,0,1,0,1.134534,1.3048315,2.310333,1.2704983,0.8685651,1.3157405,-0.686692,1.312387,-0.7115254,73.0,79.0,76.0
94,Watermelon,-1.2440128,-1.427903,0.018065087,fruit,0,3,0,1,1,0,1,0,0,0,0,0,1,-0.8559895,-0.9398815,-0.7363732,-0.932227,-1.3260769,-1.0597903,-1.0378743,-0.9467728,-1.2607874,6.0,6.0,47.0
95,Zucchini,-1.2616252,-1.454727,0.030432498,vegetable_legume,0,3,0,1,1,0,0,1,0,0,0,0,1,-1.4451157,-1.5659288,-1.0818106,-1.754812,-1.0878607,-1.0597903,-1.093757,-1.1872054,-0.8658077,5.0,4.0,48.0
