index,condition,RawCalorie_z,PredCLIP_z,ResCLIP_z,category_manual,processedness_0_3,naturalness_0_3,preparation_0_3,fruit_veg,raw_produce,animal_product,sweet_food,savory_food,dessert_snack,bakery_confectionery,fast_food_or_fried,composite_food,single_ingredient
0,Almonds,0.5605748,0.37556037,0.48283613,nuts_seeds,1,2,0,0,0,0,0,1,1,0,0,0,1
1,Apple,-1.0936306,-0.8189682,-0.78382546,fruit,0,3,0,1,1,0,1,0,0,0,0,0,1
2,Apricot,-0.94189346,-0.16984403,-1.6565456,fruit,0,3,0,1,1,0,1,0,0,0,0,0,1
3,Asparagus_green,-1.1315646,-1.38469,0.1737943,vegetable_legume,0,3,0,1,1,0,0,1,0,0,0,0,1
4,Aubergine,-1.2318196,-1.1009603,-0.5556915,vegetable_legume,0,3,0,1,1,0,0,1,0,0,0,0,1
5,Avocado,0.27200347,-0.4203362,1.338686,fruit,0,3,0,1,1,0,1,0,0,0,0,0,1
6,Bacon,1.0442369,0.96937674,0.40495646,meat_fish_egg,3,0,3,0,0,1,0,1,0,0,0,0,1
7,Baguette,0.5321243,1.0768787,-0.8620024,bread_bakery,1,1,1,0,0,0,0,1,0,1,0,0,0
8,Banana,-0.48939162,-0.6375268,0.14602305,fruit,0,3,0,1,1,0,1,0,0,0,0,0,1
9,Beetroot,-1.0678893,-1.3364464,0.2184046,vegetable_legume,0,3,0,1,1,0,0,1,0,0,0,0,1
10,Berliner,1.0591397,0.9142611,0.53710985,sweet_bakery_confectionery,3,0,3,0,0,0,1,0,1,1,0,0,0
11,Bitterballs,0.9250149,0.43638754,1.132753,savory_prepared,3,0,3,0,0,0,0,1,0,0,1,1,0
12,Blackberries,-1.0611154,-1.105247,-0.19119266,fruit,0,3,0,1,1,0,1,0,0,0,0,0,1
13,Blue_cheese,0.49012563,0.85348403,-0.54030275,dairy_cheese,1,1,1,0,0,1,0,1,0,0,0,0,1
14,Bonbon,1.1241698,1.5014272,-0.40320346,sweet_bakery_confectionery,3,0,3,0,0,0,1,0,1,1,0,0,0
15,Brie,0.6201859,0.6032739,0.1900173,dairy_cheese,1,1,1,0,0,1,0,1,0,0,0,0,1
16,Broccoli,-1.1383388,-0.7894586,-0.93131787,vegetable_legume,0,3,0,1,1,0,0,1,0,0,0,0,1
17,Brownie,1.1973289,1.5966204,-0.4248298,sweet_bakery_confectionery,3,0,3,0,0,0,1,0,1,1,0,0,0
18,Brussels_sprout,-1.208788,-1.5367068,0.29107714,vegetable_legume,0,3,0,1,1,0,0,1,0,0,0,0,1
19,Butter_biscuit,0.8450819,0.894349,0.12638748,sweet_bakery_confectionery,3,0,3,0,0,0,1,0,1,1,0,0,0
20,Cake,0.904693,0.63938814,0.71822965,sweet_bakery_confectionery,3,0,3,0,0,0,1,0,1,1,0,0,0
21,Candies,1.0862356,0.6659622,1.0488098,sweet_bakery_confectionery,3,0,3,0,0,0,1,0,1,1,0,0,0
22,Carrot,-1.2033689,-1.0605986,-0.57022727,vegetable_legume,0,3,0,1,1,0,0,1,0,0,0,0,1
23,Cauliflower,-1.1004044,-1.5761815,0.58986706,vegetable_legume,0,3,0,1,1,0,0,1,0,0,0,0,1
24,Cheesecake,1.1458465,0.6689515,1.1678722,sweet_bakery_confectionery,3,0,3,0,0,0,1,0,1,1,0,1,0
25,Cheese_souffle,1.1783619,1.1922116,0.27675685,savory_prepared,3,0,3,0,0,0,0,1,0,0,1,1,0
26,Cherries,-1.0462127,-0.72202325,-0.86244196,fruit,0,3,0,1,1,0,1,0,0,0,0,0,1
27,Cherry_tomatoes,-1.1329194,-1.0526638,-0.43758464,vegetable_legume,0,3,0,1,1,0,0,1,0,0,0,0,1
28,Chickpeas,-0.015213169,-0.024615623,0.013332339,vegetable_legume,0,3,0,1,1,0,0,1,0,0,0,0,1
29,Chocolate_bar,1.0442369,0.648545,0.9929871,sweet_bakery_confectionery,3,0,3,0,0,0,1,0,1,1,0,0,0
30,Chocolate_cake,1.4262893,1.800064,-0.31935427,sweet_bakery_confectionery,3,0,3,0,0,0,1,0,1,1,0,1,0
31,Choco_cone,1.1322988,2.6147687,-2.4267879,sweet_bakery_confectionery,3,0,3,0,0,0,1,0,1,1,0,0,0
32,Choco_cookies,1.1092672,0.8306323,0.7951156,sweet_bakery_confectionery,3,0,3,0,0,0,1,0,1,1,0,0,0
33,Choco_lava_cake,1.3734521,1.5486237,0.031103956,sweet_bakery_confectionery,3,0,3,0,0,0,1,0,1,1,0,1,0
34,Coconut,-0.56390536,-1.3459333,1.2887359,fruit,0,3,0,1,1,0,1,0,0,0,0,0,1
35,Codfish,-0.11275849,0.072862476,-0.36912417,meat_fish_egg,1,2,1,0,0,1,0,1,0,0,0,0,1
36,Corn,-0.77660835,-0.57146275,-0.5751259,vegetable_legume,0,3,0,1,1,0,0,1,0,0,0,0,1
37,Cream_cake,1.2853905,1.5460632,-0.14818479,sweet_bakery_confectionery,3,0,3,0,0,0,1,0,1,1,0,1,0
38,Crisps,1.2041028,1.5864749,-0.3920826,savory_prepared,3,0,3,0,0,0,0,1,1,0,1,0,0
39,Croissant,0.8437271,0.60801876,0.6483521,bread_bakery,1,0,1,0,0,0,0,1,0,1,0,0,0
40,Cucumber,-1.4851664,-1.1040853,-1.0792661,vegetable_legume,0,3,0,1,1,0,0,1,0,0,0,0,1
41,Currant,-1.2250456,-1.704042,0.5638085,fruit,0,3,0,1,1,0,1,0,0,0,0,0,1
42,Donut,1.3314536,1.4101951,0.19707513,sweet_bakery_confectionery,3,0,3,0,0,0,1,0,1,1,0,0,0
43,Figs,-0.82944536,-1.1907244,0.44948733,fruit,0,3,0,1,1,0,1,0,0,0,0,0,1
44,Fried_egg,0.06336496,0.38484538,-0.57297224,meat_fish_egg,1,1,1,0,0,1,0,1,0,0,0,0,1
45,Fries,1.2366177,0.15653735,2.2966843,savory_prepared,3,0,3,0,0,0,0,1,0,0,1,0,0
46,Grape_red,-0.8484125,-0.46135533,-0.92695034,fruit,0,3,0,1,1,0,1,0,0,0,0,0,1
47,Grape_white,-0.958151,-0.86956996,-0.40803155,fruit,0,3,0,1,1,0,1,0,0,0,0,0,1
48,Ham,0.5361885,0.10242565,0.9324972,meat_fish_egg,3,0,3,0,0,1,0,1,0,0,0,0,1
49,Hamburger,1.4140961,0.607641,1.8406821,savory_prepared,3,0,3,0,0,0,0,1,0,0,1,1,0
50,Herring,0.2692938,0.16858636,0.25362888,meat_fish_egg,1,2,1,0,0,1,0,1,0,0,0,0,1
51,Honey_melon,-1.0543414,-1.0368608,-0.30238056,fruit,0,3,0,1,1,0,1,0,0,0,0,0,1
52,Hotdog,1.0063027,1.0839128,0.1157774,savory_prepared,3,0,3,0,0,0,0,1,0,0,1,1,0
53,Kiwi,-0.98524684,0.12870944,-2.2943196,fruit,0,3,0,1,1,0,1,0,0,0,0,0,1
54,Lasagna,0.8694683,1.7278954,-1.3504139,savory_prepared,3,0,3,0,0,0,0,1,0,0,0,1,0
55,Lettuce,-1.5176815,-1.2013199,-0.968983,vegetable_legume,0,3,0,1,1,0,0,1,0,0,0,0,1
56,Magnum,1.1336536,0.2677723,1.8776925,sweet_bakery_confectionery,3,0,3,0,0,0,1,0,1,1,0,0,0
57,Mandarin,-1.116662,-1.1797853,-0.17062679,fruit,0,3,0,1,1,0,1,0,0,0,0,0,1
58,Mango,-0.84028375,-0.56327796,-0.7231603,fruit,0,3,0,1,1,0,1,0,0,0,0,0,1
59,Mars,1.2325535,0.952437,0.829443,sweet_bakery_confectionery,3,0,3,0,0,0,1,0,1,1,0,0,0
60,Melon,-1.0963401,-0.7390534,-0.93595654,fruit,0,3,0,1,1,0,1,0,0,0,0,0,1
61,MMs,0.9615944,0.22898126,1.5893171,sweet_bakery_confectionery,3,0,3,0,0,0,1,0,1,1,0,0,0
62,Muesli_bar,0.50638306,-0.0040163486,1.0653169,savory_prepared,3,0,3,0,0,0,0,1,1,0,0,0,0
63,Mushrooms,-1.1776277,-0.5382885,-1.4737543,vegetable_legume,0,3,0,1,1,0,0,1,0,0,0,0,1
64,Mussles,-0.049083058,-0.69424117,1.169881,meat_fish_egg,1,2,1,0,0,1,0,1,0,0,0,0,1
65,Nutella_sandwich,1.0550752,0.42108303,1.4325304,sweet_bakery_confectionery,3,0,3,0,0,0,1,0,1,1,0,1,0
66,Olives,-0.058566716,-1.0307943,1.7669127,vegetable_legume,0,3,0,1,1,0,0,1,0,0,0,0,1
67,Orange,-1.0448579,-0.90401566,-0.52605,fruit,0,3,0,1,1,0,1,0,0,0,0,0,1
68,Oyster,-0.09514613,-0.019130046,-0.1637209,meat_fish_egg,1,2,1,0,0,1,0,1,0,0,0,0,1
69,Papaya,-0.97305375,-1.3122681,0.3722243,fruit,0,3,0,1,1,0,1,0,0,0,0,0,1
70,Pasta_pomodoro,0.7353435,0.54843456,0.5311206,savory_prepared,2,1,2,0,0,0,0,1,0,0,0,1,0
71,Pear,-1.0218263,-0.9591036,-0.37696448,fruit,0,3,0,1,1,0,1,0,0,0,0,0,1
72,Pees,-1.103114,-0.29988998,-1.7550218,vegetable_legume,0,3,0,1,1,0,0,1,0,0,0,0,1
73,Pepper_red,-1.2575607,-1.280237,-0.2808867,vegetable_legume,0,3,0,1,1,0,0,1,0,0,0,0,1
74,Pineapple,-1.0380838,-0.1142449,-1.9594142,fruit,0,3,0,1,1,0,1,0,0,0,0,0,1
75,Pizza,1.3829356,0.2709634,2.3926537,savory_prepared,3,0,3,0,0,0,0,1,0,0,1,1,0
76,Pomegranate,-1.0353742,-0.883156,-0.54446846,fruit,0,3,0,1,1,0,1,0,0,0,0,0,1
77,Popcorn,-0.12901603,0.78038424,-1.6998584,savory_prepared,3,0,3,0,0,0,0,1,1,0,0,0,0
78,Pound_cake,0.92772454,0.3393576,1.3162535,sweet_bakery_confectionery,3,0,3,0,0,0,1,0,1,1,0,1,0
79,Radicchio,-1.1938853,-0.9000199,-0.8447276,vegetable_legume,0,3,0,1,1,0,0,1,0,0,0,0,1
80,Radish,-1.3198813,-1.6726481,0.30813402,vegetable_legume,0,3,0,1,1,0,0,1,0,0,0,0,1
81,Raspberries,-1.1613703,-0.7412845,-1.0677311,fruit,0,3,0,1,1,0,1,0,0,0,0,0,1
82,Ribs,0.9548203,0.8746377,0.3917846,meat_fish_egg,1,0,1,0,0,1,0,1,0,0,0,0,1
83,Rice_waffle,-1.150532,0.2020589,-2.7740772,bread_bakery,1,1,1,0,0,0,0,1,0,1,0,0,0
84,Roasted_potatoes,0.71773106,1.1876262,-0.677207,savory_prepared,2,1,2,0,0,0,0,1,0,0,0,1,0
85,Salami,0.6892805,0.23605731,1.0074188,meat_fish_egg,3,0,3,0,0,1,0,1,0,0,0,0,1
86,Smoked_sausage,0.7746325,0.68391937,0.36488384,meat_fish_egg,3,0,3,0,0,1,0,1,0,0,0,0,1
87,Strawberries,-1.0231811,-0.8842251,-0.5170347,fruit,0,3,0,1,1,0,1,0,0,0,0,0,1
88,Sushi,0.025430594,-0.2457079,0.50347185,savory_prepared,2,1,2,0,0,0,0,1,0,0,0,1,0
89,Tiramisu,1.1648139,1.8262022,-0.9135462,sweet_bakery_confectionery,3,0,3,0,0,0,1,0,1,1,0,1,0
90,Tompoes,1.0875906,1.2426631,-0.0053552147,sweet_bakery_confectionery,3,0,3,0,0,0,1,0,1,1,0,1,0
91,Tuna,0.07013884,-0.23500144,0.577255,meat_fish_egg,1,2,1,0,0,1,0,1,0,0,0,0,1
92,Vanilla_icecream,0.9670135,1.0024906,0.18292622,sweet_bakery_confectionery,3,0,3,0,0,0,1,0,1,1,0,0,0
93,Waffle,1.0930096,0.82463694,0.7721381,sweet_bakery_confectionery,3,0,3,0,0,0,1,0,1,1,0,1,0
94,Watermelon,-1.2440128,-1.427903,0.018065087,fruit,0,3,0,1,1,0,1,0,0,0,0,0,1
95,Zucchini,-1.2616252,-1.454727,0.030432498,vegetable_legume,0,3,0,1,1,0,0,1,0,0,0,0,1
