map,n_finite,mean,std,min,max
mean_r_split__LowVis,29348,0.004822966625802385,0.019336546195532527,-0.05513232573866844,0.1317247599363327
mean_r_split__HighVis,29348,0.0057721191380693876,0.023273468349898716,-0.06718086451292038,0.22815723717212677
mean_r_split__CaloriePredCLIP,29348,0.001303356033236629,0.010077390484821164,-0.036478422582149506,0.06810010224580765
mean_r_split__CalorieResCLIP,29348,-0.000442223016628375,0.012344186066551618,-0.04731740057468414,0.06211398169398308
mean_r_split__Visual,29348,0.010595085813086928,0.03554677081780958,-0.08378097414970398,0.26008233428001404
mean_r_split__CalorieTotal,29348,0.0008611330103870916,0.01587939087455644,-0.05808700993657112,0.08423689752817154
mean_delta_r_split__PredCLIP_minus_ResCLIP,29348,0.0017455790743669535,0.015990947534379914,-0.07536641508340836,0.07787781953811646
fraction_M4__PredCLIP_over_r_joint,29348,-0.004147992408695311,24.07038818618892,-2910.8984375,1476.3079833984375
fraction_M4__ResCLIP_over_r_joint,29348,0.11475909881091352,19.307707336605937,-2140.908203125,996.3419799804688
