subject,roi,roi_label,model,model_label,model_short_label,n_vertices,r_joint,z_joint
sub-104,EarlyVisual,Early visual,D0_visual_noclip,D0 no CLIP,NoCLIP,3867,0.047267600893974304,0.04730285032828761
sub-104,EarlyVisual,Early visual,D1_visual_clipband,D1 CLIP band,+CLIPband,3867,0.06505764275789261,0.06514966197716579
sub-104,EarlyVisual,Early visual,D2_visual_clipband_predclip,D2 CLIP band + PredCLIP,+CLIPband+PredCLIP,3867,0.06620717793703079,0.06630417046172686
sub-104,IntermediateVisual,Intermediate visual,D0_visual_noclip,D0 no CLIP,NoCLIP,377,0.09308245033025742,0.09335268933888398
sub-104,IntermediateVisual,Intermediate visual,D1_visual_clipband,D1 CLIP band,+CLIPband,377,0.09836140275001526,0.09868047138942748
sub-104,IntermediateVisual,Intermediate visual,D2_visual_clipband_predclip,D2 CLIP band + PredCLIP,+CLIPband+PredCLIP,377,0.0930667370557785,0.09333683875267866
sub-104,HighLevelVTC,HighLevelVTC,D0_visual_noclip,D0 no CLIP,NoCLIP,887,0.0005516773671843112,0.0005516774231516073
sub-104,HighLevelVTC,HighLevelVTC,D1_visual_clipband,D1 CLIP band,+CLIPband,887,0.010966187343001366,0.01096662696262081
sub-104,HighLevelVTC,HighLevelVTC,D2_visual_clipband_predclip,D2 CLIP band + PredCLIP,+CLIPband+PredCLIP,887,0.016258781775832176,0.016260214661840126
sub-105,EarlyVisual,Early visual,D0_visual_noclip,D0 no CLIP,NoCLIP,3874,0.03927868977189064,0.039298908414784055
sub-105,EarlyVisual,Early visual,D1_visual_clipband,D1 CLIP band,+CLIPband,3874,0.051951974630355835,0.051998790059526276
sub-105,EarlyVisual,Early visual,D2_visual_clipband_predclip,D2 CLIP band + PredCLIP,+CLIPband+PredCLIP,3874,0.05527139827609062,0.05532778503762997
sub-105,IntermediateVisual,Intermediate visual,D0_visual_noclip,D0 no CLIP,NoCLIP,373,0.05880357697606087,0.05887149613677508
sub-105,IntermediateVisual,Intermediate visual,D1_visual_clipband,D1 CLIP band,+CLIPband,373,0.08379587531089783,0.08399283698180186
sub-105,IntermediateVisual,Intermediate visual,D2_visual_clipband_predclip,D2 CLIP band + PredCLIP,+CLIPband+PredCLIP,373,0.08975672721862793,0.08999893388243557
sub-105,HighLevelVTC,HighLevelVTC,D0_visual_noclip,D0 no CLIP,NoCLIP,884,-0.00653024110943079,-0.006530333937113099
sub-105,HighLevelVTC,HighLevelVTC,D1_visual_clipband,D1 CLIP band,+CLIPband,884,0.015204613097012043,0.015205784928359002
sub-105,HighLevelVTC,HighLevelVTC,D2_visual_clipband_predclip,D2 CLIP band + PredCLIP,+CLIPband+PredCLIP,884,0.028786754235625267,0.028794709834059348
sub-109,EarlyVisual,Early visual,D0_visual_noclip,D0 no CLIP,NoCLIP,3870,0.06097489967942238,0.06105063567387038
sub-109,EarlyVisual,Early visual,D1_visual_clipband,D1 CLIP band,+CLIPband,3870,0.06385719031095505,0.06394420098368302
sub-109,EarlyVisual,Early visual,D2_visual_clipband_predclip,D2 CLIP band + PredCLIP,+CLIPband+PredCLIP,3870,0.06301453709602356,0.06309814308885636
sub-109,IntermediateVisual,Intermediate visual,D0_visual_noclip,D0 no CLIP,NoCLIP,373,0.031506020575761795,0.031516451388883704
sub-109,IntermediateVisual,Intermediate visual,D1_visual_clipband,D1 CLIP band,+CLIPband,373,0.07212162017822266,0.07224705944166723
sub-109,IntermediateVisual,Intermediate visual,D2_visual_clipband_predclip,D2 CLIP band + PredCLIP,+CLIPband+PredCLIP,373,0.07452106475830078,0.07465947439344008
sub-109,HighLevelVTC,HighLevelVTC,D0_visual_noclip,D0 no CLIP,NoCLIP,882,-0.035873375833034515,-0.03588877619762903
sub-109,HighLevelVTC,HighLevelVTC,D1_visual_clipband,D1 CLIP band,+CLIPband,882,-0.012378658168017864,-0.012379290491611778
sub-109,HighLevelVTC,HighLevelVTC,D2_visual_clipband_predclip,D2 CLIP band + PredCLIP,+CLIPband+PredCLIP,882,0.013460143469274044,0.013460956440221607
sub-112,EarlyVisual,Early visual,D0_visual_noclip,D0 no CLIP,NoCLIP,3870,0.033033337444067,0.03304536065806253
sub-112,EarlyVisual,Early visual,D1_visual_clipband,D1 CLIP band,+CLIPband,3870,0.05943070352077484,0.05950082209358415
sub-112,EarlyVisual,Early visual,D2_visual_clipband_predclip,D2 CLIP band + PredCLIP,+CLIPband+PredCLIP,3870,0.06123562529683113,0.061312338452516164
sub-112,IntermediateVisual,Intermediate visual,D0_visual_noclip,D0 no CLIP,NoCLIP,377,0.048813965171575546,0.04885279205420557
sub-112,IntermediateVisual,Intermediate visual,D1_visual_clipband,D1 CLIP band,+CLIPband,377,0.09887201339006424,0.09919609662810712
sub-112,IntermediateVisual,Intermediate visual,D2_visual_clipband_predclip,D2 CLIP band + PredCLIP,+CLIPband+PredCLIP,377,0.09350673854351044,0.09378070293837006
sub-112,HighLevelVTC,HighLevelVTC,D0_visual_noclip,D0 no CLIP,NoCLIP,882,-0.03697407990694046,-0.036990942614309776
sub-112,HighLevelVTC,HighLevelVTC,D1_visual_clipband,D1 CLIP band,+CLIPband,882,-0.0010438557947054505,-0.0010438561738462737
sub-112,HighLevelVTC,HighLevelVTC,D2_visual_clipband_predclip,D2 CLIP band + PredCLIP,+CLIPband+PredCLIP,882,0.006517455913126469,0.0065175481966398266
sub-115,EarlyVisual,Early visual,D0_visual_noclip,D0 no CLIP,NoCLIP,3872,0.04276571050286293,0.04279181063777463
sub-115,EarlyVisual,Early visual,D1_visual_clipband,D1 CLIP band,+CLIPband,3872,0.04990917444229126,0.049950676502086476
sub-115,EarlyVisual,Early visual,D2_visual_clipband_predclip,D2 CLIP band + PredCLIP,+CLIPband+PredCLIP,3872,0.05091297626495361,0.0509570358474856
sub-115,IntermediateVisual,Intermediate visual,D0_visual_noclip,D0 no CLIP,NoCLIP,377,0.07398159056901932,0.0741170094405691
sub-115,IntermediateVisual,Intermediate visual,D1_visual_clipband,D1 CLIP band,+CLIPband,377,0.0779290720820427,0.07808740226838791
sub-115,IntermediateVisual,Intermediate visual,D2_visual_clipband_predclip,D2 CLIP band + PredCLIP,+CLIPband+PredCLIP,377,0.0734170600771904,0.07354939588893138
sub-115,HighLevelVTC,HighLevelVTC,D0_visual_noclip,D0 no CLIP,NoCLIP,887,0.013920227065682411,0.013921126290326269
sub-115,HighLevelVTC,HighLevelVTC,D1_visual_clipband,D1 CLIP band,+CLIPband,887,0.034022361040115356,0.03403549736436608
sub-115,HighLevelVTC,HighLevelVTC,D2_visual_clipband_predclip,D2 CLIP band + PredCLIP,+CLIPband+PredCLIP,887,0.028808942064642906,0.02881691607907348
sub-117,EarlyVisual,Early visual,D0_visual_noclip,D0 no CLIP,NoCLIP,3869,0.05965469032526016,0.05972560583217426
sub-117,EarlyVisual,Early visual,D1_visual_clipband,D1 CLIP band,+CLIPband,3869,0.07444550842046738,0.07458349654872334
sub-117,EarlyVisual,Early visual,D2_visual_clipband_predclip,D2 CLIP band + PredCLIP,+CLIPband+PredCLIP,3869,0.07738639414310455,0.07754143171829217
sub-117,IntermediateVisual,Intermediate visual,D0_visual_noclip,D0 no CLIP,NoCLIP,377,0.0487067736685276,0.04874534508798067
sub-117,IntermediateVisual,Intermediate visual,D1_visual_clipband,D1 CLIP band,+CLIPband,377,0.12152738124132156,0.12213101476689393
sub-117,IntermediateVisual,Intermediate visual,D2_visual_clipband_predclip,D2 CLIP band + PredCLIP,+CLIPband+PredCLIP,377,0.1250971108675003,0.12575586766716446
sub-117,HighLevelVTC,HighLevelVTC,D0_visual_noclip,D0 no CLIP,NoCLIP,888,0.01096890028566122,0.010969340231651706
sub-117,HighLevelVTC,HighLevelVTC,D1_visual_clipband,D1 CLIP band,+CLIPband,888,0.03516454994678497,0.03517905489944837
sub-117,HighLevelVTC,HighLevelVTC,D2_visual_clipband_predclip,D2 CLIP band + PredCLIP,+CLIPband+PredCLIP,888,0.042742617428302765,0.0427686752736525
sub-118,EarlyVisual,Early visual,D0_visual_noclip,D0 no CLIP,NoCLIP,3867,0.05535683408379555,0.055413483051439776
sub-118,EarlyVisual,Early visual,D1_visual_clipband,D1 CLIP band,+CLIPband,3867,0.0746646523475647,0.07480386538810369
sub-118,EarlyVisual,Early visual,D2_visual_clipband_predclip,D2 CLIP band + PredCLIP,+CLIPband+PredCLIP,3867,0.07746443897485733,0.07761994722662112
sub-118,IntermediateVisual,Intermediate visual,D0_visual_noclip,D0 no CLIP,NoCLIP,376,0.05051855742931366,0.05056159991023927
sub-118,IntermediateVisual,Intermediate visual,D1_visual_clipband,D1 CLIP band,+CLIPband,376,0.08527214080095291,0.08547972807119177
sub-118,IntermediateVisual,Intermediate visual,D2_visual_clipband_predclip,D2 CLIP band + PredCLIP,+CLIPband+PredCLIP,376,0.09198519587516785,0.092245958375731
sub-118,HighLevelVTC,HighLevelVTC,D0_visual_noclip,D0 no CLIP,NoCLIP,884,-0.015791604295372963,-0.015792917167693373
sub-118,HighLevelVTC,HighLevelVTC,D1_visual_clipband,D1 CLIP band,+CLIPband,884,0.004592722747474909,0.004592755039473743
sub-118,HighLevelVTC,HighLevelVTC,D2_visual_clipband_predclip,D2 CLIP band + PredCLIP,+CLIPband+PredCLIP,884,0.01819421537220478,0.018196223378220872
sub-122,EarlyVisual,Early visual,D0_visual_noclip,D0 no CLIP,NoCLIP,3857,0.018726976588368416,0.018729166230522662
sub-122,EarlyVisual,Early visual,D1_visual_clipband,D1 CLIP band,+CLIPband,3857,0.023069137707352638,0.023073231365146944
sub-122,EarlyVisual,Early visual,D2_visual_clipband_predclip,D2 CLIP band + PredCLIP,+CLIPband+PredCLIP,3857,0.029705705121159554,0.029714447474726992
sub-122,IntermediateVisual,Intermediate visual,D0_visual_noclip,D0 no CLIP,NoCLIP,375,0.015466926619410515,0.015468160159201669
sub-122,IntermediateVisual,Intermediate visual,D1_visual_clipband,D1 CLIP band,+CLIPband,375,0.050584930926561356,0.05062814345814021
sub-122,IntermediateVisual,Intermediate visual,D2_visual_clipband_predclip,D2 CLIP band + PredCLIP,+CLIPband+PredCLIP,375,0.06293728947639465,0.06302058788792507
sub-122,HighLevelVTC,HighLevelVTC,D0_visual_noclip,D0 no CLIP,NoCLIP,890,-0.011551492847502232,-0.011552006687442341
sub-122,HighLevelVTC,HighLevelVTC,D1_visual_clipband,D1 CLIP band,+CLIPband,890,-0.0025880562607198954,-0.002588062039040436
sub-122,HighLevelVTC,HighLevelVTC,D2_visual_clipband_predclip,D2 CLIP band + PredCLIP,+CLIPband+PredCLIP,890,-0.000831690791528672,-0.0008316909832915789
sub-124,EarlyVisual,Early visual,D0_visual_noclip,D0 no CLIP,NoCLIP,3876,0.040606722235679626,0.04062906323059972
sub-124,EarlyVisual,Early visual,D1_visual_clipband,D1 CLIP band,+CLIPband,3876,0.0581001378595829,0.058165645367192674
sub-124,EarlyVisual,Early visual,D2_visual_clipband_predclip,D2 CLIP band + PredCLIP,+CLIPband+PredCLIP,3876,0.05877627059817314,0.05884409505375162
sub-124,IntermediateVisual,Intermediate visual,D0_visual_noclip,D0 no CLIP,NoCLIP,376,0.021610189229249954,0.021613554160284196
sub-124,IntermediateVisual,Intermediate visual,D1_visual_clipband,D1 CLIP band,+CLIPband,376,0.11463521420955658,0.11514136040260654
sub-124,IntermediateVisual,Intermediate visual,D2_visual_clipband_predclip,D2 CLIP band + PredCLIP,+CLIPband+PredCLIP,376,0.11400174349546432,0.11449950139370806
sub-124,HighLevelVTC,HighLevelVTC,D0_visual_noclip,D0 no CLIP,NoCLIP,889,0.004180040210485458,0.004180064556320606
sub-124,HighLevelVTC,HighLevelVTC,D1_visual_clipband,D1 CLIP band,+CLIPband,889,0.03196582570672035,0.03197672009627398
sub-124,HighLevelVTC,HighLevelVTC,D2_visual_clipband_predclip,D2 CLIP band + PredCLIP,+CLIPband+PredCLIP,889,0.04119309037923813,0.041216413912693005
sub-125,EarlyVisual,Early visual,D0_visual_noclip,D0 no CLIP,NoCLIP,3875,0.058270081877708435,0.058336166686857344
sub-125,EarlyVisual,Early visual,D1_visual_clipband,D1 CLIP band,+CLIPband,3875,0.07320310175418854,0.07333428146100111
sub-125,EarlyVisual,Early visual,D2_visual_clipband_predclip,D2 CLIP band + PredCLIP,+CLIPband+PredCLIP,3875,0.06824640184640884,0.06835265309082322
sub-125,IntermediateVisual,Intermediate visual,D0_visual_noclip,D0 no CLIP,NoCLIP,377,0.05815780162811279,0.05822350464090106
sub-125,IntermediateVisual,Intermediate visual,D1_visual_clipband,D1 CLIP band,+CLIPband,377,0.13540126383304596,0.13623794668758435
sub-125,IntermediateVisual,Intermediate visual,D2_visual_clipband_predclip,D2 CLIP band + PredCLIP,+CLIPband+PredCLIP,377,0.1422831267118454,0.14325511039209704
sub-125,HighLevelVTC,HighLevelVTC,D0_visual_noclip,D0 no CLIP,NoCLIP,880,-0.016687199473381042,-0.016688748652685857
sub-125,HighLevelVTC,HighLevelVTC,D1_visual_clipband,D1 CLIP band,+CLIPband,880,0.02664303407073021,0.026649340954259443
sub-125,HighLevelVTC,HighLevelVTC,D2_visual_clipband_predclip,D2 CLIP band + PredCLIP,+CLIPband+PredCLIP,880,0.0352482870221138,0.03526289589506159
sub-126,EarlyVisual,Early visual,D0_visual_noclip,D0 no CLIP,NoCLIP,3873,0.06956721097230911,0.06967976373102971
sub-126,EarlyVisual,Early visual,D1_visual_clipband,D1 CLIP band,+CLIPband,3873,0.07029631733894348,0.07041245331372985
sub-126,EarlyVisual,Early visual,D2_visual_clipband_predclip,D2 CLIP band + PredCLIP,+CLIPband+PredCLIP,3873,0.06704019010066986,0.06714089666398583
sub-126,IntermediateVisual,Intermediate visual,D0_visual_noclip,D0 no CLIP,NoCLIP,376,0.02898070402443409,0.028988821565035305
sub-126,IntermediateVisual,Intermediate visual,D1_visual_clipband,D1 CLIP band,+CLIPband,376,0.08204664289951324,0.08223149322329512
sub-126,IntermediateVisual,Intermediate visual,D2_visual_clipband_predclip,D2 CLIP band + PredCLIP,+CLIPband+PredCLIP,376,0.07678591459989548,0.07693736261162898
sub-126,HighLevelVTC,HighLevelVTC,D0_visual_noclip,D0 no CLIP,NoCLIP,888,-0.009045501239597797,-0.009045747955974948
sub-126,HighLevelVTC,HighLevelVTC,D1_visual_clipband,D1 CLIP band,+CLIPband,888,0.017032207921147346,0.01703385520028038
sub-126,HighLevelVTC,HighLevelVTC,D2_visual_clipband_predclip,D2 CLIP band + PredCLIP,+CLIPband+PredCLIP,888,0.02173755131661892,0.02174097610513201
sub-129,EarlyVisual,Early visual,D0_visual_noclip,D0 no CLIP,NoCLIP,3858,0.027115458622574806,0.027122107085560836
sub-129,EarlyVisual,Early visual,D1_visual_clipband,D1 CLIP band,+CLIPband,3858,0.03802838176488876,0.038046729368192624
sub-129,EarlyVisual,Early visual,D2_visual_clipband_predclip,D2 CLIP band + PredCLIP,+CLIPband+PredCLIP,3858,0.04175190627574921,0.0417761926254103
sub-129,IntermediateVisual,Intermediate visual,D0_visual_noclip,D0 no CLIP,NoCLIP,375,0.03816559165716171,0.038184138693884005
sub-129,IntermediateVisual,Intermediate visual,D1_visual_clipband,D1 CLIP band,+CLIPband,375,0.08863341063261032,0.08886660866549974
sub-129,IntermediateVisual,Intermediate visual,D2_visual_clipband_predclip,D2 CLIP band + PredCLIP,+CLIPband+PredCLIP,375,0.08249012380838394,0.08267799611002159
sub-129,HighLevelVTC,HighLevelVTC,D0_visual_noclip,D0 no CLIP,NoCLIP,886,-0.010739510878920555,-0.010739923795487319
sub-129,HighLevelVTC,HighLevelVTC,D1_visual_clipband,D1 CLIP band,+CLIPband,886,0.01583077572286129,0.015832098390246668
sub-129,HighLevelVTC,HighLevelVTC,D2_visual_clipband_predclip,D2 CLIP band + PredCLIP,+CLIPband+PredCLIP,886,0.02405652590095997,0.02406116814865706
sub-132,EarlyVisual,Early visual,D0_visual_noclip,D0 no CLIP,NoCLIP,3876,0.07275080680847168,0.07287956485229069
sub-132,EarlyVisual,Early visual,D1_visual_clipband,D1 CLIP band,+CLIPband,3876,0.08544570952653885,0.08565457072636051
sub-132,EarlyVisual,Early visual,D2_visual_clipband_predclip,D2 CLIP band + PredCLIP,+CLIPband+PredCLIP,3876,0.08893923461437225,0.08917486261907359
sub-132,IntermediateVisual,Intermediate visual,D0_visual_noclip,D0 no CLIP,NoCLIP,376,0.07152604311704636,0.0716483940495442
sub-132,IntermediateVisual,Intermediate visual,D1_visual_clipband,D1 CLIP band,+CLIPband,376,0.09218548983335495,0.09244796529478257
sub-132,IntermediateVisual,Intermediate visual,D2_visual_clipband_predclip,D2 CLIP band + PredCLIP,+CLIPband+PredCLIP,376,0.08771837502717972,0.08794440285452183
sub-132,HighLevelVTC,HighLevelVTC,D0_visual_noclip,D0 no CLIP,NoCLIP,888,0.009390798397362232,0.00939107446104489
sub-132,HighLevelVTC,HighLevelVTC,D1_visual_clipband,D1 CLIP band,+CLIPband,888,0.01201727706938982,0.012017855611002359
sub-132,HighLevelVTC,HighLevelVTC,D2_visual_clipband_predclip,D2 CLIP band + PredCLIP,+CLIPband+PredCLIP,888,0.020525788888335228,0.02052867217697513
sub-134,EarlyVisual,Early visual,D0_visual_noclip,D0 no CLIP,NoCLIP,3873,0.0712122842669487,0.07133302886610282
sub-134,EarlyVisual,Early visual,D1_visual_clipband,D1 CLIP band,+CLIPband,3873,0.09799598902463913,0.0983115011347181
sub-134,EarlyVisual,Early visual,D2_visual_clipband_predclip,D2 CLIP band + PredCLIP,+CLIPband+PredCLIP,3873,0.09487539529800415,0.09516161127565476
sub-134,IntermediateVisual,Intermediate visual,D0_visual_noclip,D0 no CLIP,NoCLIP,376,0.07652520388364792,0.07667511088309736
sub-134,IntermediateVisual,Intermediate visual,D1_visual_clipband,D1 CLIP band,+CLIPband,376,0.10056628286838531,0.10090738341143232
sub-134,IntermediateVisual,Intermediate visual,D2_visual_clipband_predclip,D2 CLIP band + PredCLIP,+CLIPband+PredCLIP,376,0.10201750695705414,0.10237365175162276
sub-134,HighLevelVTC,HighLevelVTC,D0_visual_noclip,D0 no CLIP,NoCLIP,888,0.004937175661325455,0.004937215777622207
sub-134,HighLevelVTC,HighLevelVTC,D1_visual_clipband,D1 CLIP band,+CLIPband,888,0.028168359771370888,0.02817581344283637
sub-134,HighLevelVTC,HighLevelVTC,D2_visual_clipband_predclip,D2 CLIP band + PredCLIP,+CLIPband+PredCLIP,888,0.041826602071523666,0.04185101909380664
sub-137,EarlyVisual,Early visual,D0_visual_noclip,D0 no CLIP,NoCLIP,3837,0.020802589133381844,0.020805590670400807
sub-137,EarlyVisual,Early visual,D1_visual_clipband,D1 CLIP band,+CLIPband,3837,0.0641300156712532,0.06421814820924278
sub-137,EarlyVisual,Early visual,D2_visual_clipband_predclip,D2 CLIP band + PredCLIP,+CLIPband+PredCLIP,3837,0.06637405604124069,0.06647178513996833
sub-137,IntermediateVisual,Intermediate visual,D0_visual_noclip,D0 no CLIP,NoCLIP,376,0.02993333525955677,0.029942280203836408
sub-137,IntermediateVisual,Intermediate visual,D1_visual_clipband,D1 CLIP band,+CLIPband,376,0.14158202707767487,0.14253959680781142
sub-137,IntermediateVisual,Intermediate visual,D2_visual_clipband_predclip,D2 CLIP band + PredCLIP,+CLIPband+PredCLIP,376,0.14084430038928986,0.1417868596318426
sub-137,HighLevelVTC,HighLevelVTC,D0_visual_noclip,D0 no CLIP,NoCLIP,885,-0.018599776551127434,-0.01860192187114785
sub-137,HighLevelVTC,HighLevelVTC,D1_visual_clipband,D1 CLIP band,+CLIPband,885,0.01884712092578411,0.018849352988384038
sub-137,HighLevelVTC,HighLevelVTC,D2_visual_clipband_predclip,D2 CLIP band + PredCLIP,+CLIPband+PredCLIP,885,0.0274504404515028,0.027457338450228762
sub-139,EarlyVisual,Early visual,D0_visual_noclip,D0 no CLIP,NoCLIP,3856,0.006970038637518883,0.006970151512310462
sub-139,EarlyVisual,Early visual,D1_visual_clipband,D1 CLIP band,+CLIPband,3856,0.02499254047870636,0.024997746102313253
sub-139,EarlyVisual,Early visual,D2_visual_clipband_predclip,D2 CLIP band + PredCLIP,+CLIPband+PredCLIP,3856,0.02430892363190651,0.02431371357056508
sub-139,IntermediateVisual,Intermediate visual,D0_visual_noclip,D0 no CLIP,NoCLIP,376,0.022450285032391548,0.0224540579357851
sub-139,IntermediateVisual,Intermediate visual,D1_visual_clipband,D1 CLIP band,+CLIPband,376,0.02772597223520279,0.02773308010516943
sub-139,IntermediateVisual,Intermediate visual,D2_visual_clipband_predclip,D2 CLIP band + PredCLIP,+CLIPband+PredCLIP,376,0.009363915771245956,0.009364189470800057
sub-139,HighLevelVTC,HighLevelVTC,D0_visual_noclip,D0 no CLIP,NoCLIP,890,-0.01566755585372448,-0.015668838026263
sub-139,HighLevelVTC,HighLevelVTC,D1_visual_clipband,D1 CLIP band,+CLIPband,890,0.009928598068654537,0.009928924331953215
sub-139,HighLevelVTC,HighLevelVTC,D2_visual_clipband_predclip,D2 CLIP band + PredCLIP,+CLIPband+PredCLIP,890,0.012103439308702946,0.01210403038468266
sub-140,EarlyVisual,Early visual,D0_visual_noclip,D0 no CLIP,NoCLIP,3874,0.055274926126003265,0.055331323698585184
sub-140,EarlyVisual,Early visual,D1_visual_clipband,D1 CLIP band,+CLIPband,3874,0.07392066717147827,0.07405575103491059
sub-140,EarlyVisual,Early visual,D2_visual_clipband_predclip,D2 CLIP band + PredCLIP,+CLIPband+PredCLIP,3874,0.07175563275814056,0.07187916811873513
sub-140,IntermediateVisual,Intermediate visual,D0_visual_noclip,D0 no CLIP,NoCLIP,377,0.08156359195709229,0.08174518787823302
sub-140,IntermediateVisual,Intermediate visual,D1_visual_clipband,D1 CLIP band,+CLIPband,377,0.14517845213413239,0.1462115130152575
sub-140,IntermediateVisual,Intermediate visual,D2_visual_clipband_predclip,D2 CLIP band + PredCLIP,+CLIPband+PredCLIP,377,0.1419038027524948,0.14286796984611835
sub-140,HighLevelVTC,HighLevelVTC,D0_visual_noclip,D0 no CLIP,NoCLIP,882,0.013189914636313915,0.013190679616235927
sub-140,HighLevelVTC,HighLevelVTC,D1_visual_clipband,D1 CLIP band,+CLIPband,882,0.033024005591869354,0.03303601861469377
sub-140,HighLevelVTC,HighLevelVTC,D2_visual_clipband_predclip,D2 CLIP band + PredCLIP,+CLIPband+PredCLIP,882,0.03665000945329666,0.03666643240538354
sub-141,EarlyVisual,Early visual,D0_visual_noclip,D0 no CLIP,NoCLIP,3884,0.09162276238203049,0.09188044433688919
sub-141,EarlyVisual,Early visual,D1_visual_clipband,D1 CLIP band,+CLIPband,3884,0.08984264731407166,0.09008555246881454
sub-141,EarlyVisual,Early visual,D2_visual_clipband_predclip,D2 CLIP band + PredCLIP,+CLIPband+PredCLIP,3884,0.08537019044160843,0.08557849671817688
sub-141,IntermediateVisual,Intermediate visual,D0_visual_noclip,D0 no CLIP,NoCLIP,377,0.07530394196510315,0.07544676985148395
sub-141,IntermediateVisual,Intermediate visual,D1_visual_clipband,D1 CLIP band,+CLIPband,377,0.08443722873926163,0.0846387607273256
sub-141,IntermediateVisual,Intermediate visual,D2_visual_clipband_predclip,D2 CLIP band + PredCLIP,+CLIPband+PredCLIP,377,0.07752464711666107,0.07768051912718979
sub-141,HighLevelVTC,HighLevelVTC,D0_visual_noclip,D0 no CLIP,NoCLIP,891,0.018226509913802147,0.018228528632802596
sub-141,HighLevelVTC,HighLevelVTC,D1_visual_clipband,D1 CLIP band,+CLIPband,891,0.02261899970471859,0.022622858327058053
sub-141,HighLevelVTC,HighLevelVTC,D2_visual_clipband_predclip,D2 CLIP band + PredCLIP,+CLIPband+PredCLIP,891,0.027720171958208084,0.027727275366834357
sub-143,EarlyVisual,Early visual,D0_visual_noclip,D0 no CLIP,NoCLIP,3871,0.02514444664120674,0.025149747787429785
sub-143,EarlyVisual,Early visual,D1_visual_clipband,D1 CLIP band,+CLIPband,3871,0.04671037942171097,0.04674439579326966
sub-143,EarlyVisual,Early visual,D2_visual_clipband_predclip,D2 CLIP band + PredCLIP,+CLIPband+PredCLIP,3871,0.04699671268463135,0.04703135901555265
sub-143,IntermediateVisual,Intermediate visual,D0_visual_noclip,D0 no CLIP,NoCLIP,375,0.07263749837875366,0.07276565446988739
sub-143,IntermediateVisual,Intermediate visual,D1_visual_clipband,D1 CLIP band,+CLIPband,375,0.07957985997200012,0.07974849307186137
sub-143,IntermediateVisual,Intermediate visual,D2_visual_clipband_predclip,D2 CLIP band + PredCLIP,+CLIPband+PredCLIP,375,0.07604912668466568,0.07619624681451297
sub-143,HighLevelVTC,HighLevelVTC,D0_visual_noclip,D0 no CLIP,NoCLIP,880,-0.006491733714938164,-0.006491824910104184
sub-143,HighLevelVTC,HighLevelVTC,D1_visual_clipband,D1 CLIP band,+CLIPband,880,0.013295715674757957,0.013296499212589213
sub-143,HighLevelVTC,HighLevelVTC,D2_visual_clipband_predclip,D2 CLIP band + PredCLIP,+CLIPband+PredCLIP,880,0.018389826640486717,0.01839190012018046
sub-144,EarlyVisual,Early visual,D0_visual_noclip,D0 no CLIP,NoCLIP,3877,0.0371246412396431,0.037141710900158116
sub-144,EarlyVisual,Early visual,D1_visual_clipband,D1 CLIP band,+CLIPband,3877,0.06718491017818451,0.06728627152384901
sub-144,EarlyVisual,Early visual,D2_visual_clipband_predclip,D2 CLIP band + PredCLIP,+CLIPband+PredCLIP,3877,0.06617504358291626,0.06627189469899986
sub-144,IntermediateVisual,Intermediate visual,D0_visual_noclip,D0 no CLIP,NoCLIP,375,0.006598837673664093,0.006598933457544612
sub-144,IntermediateVisual,Intermediate visual,D1_visual_clipband,D1 CLIP band,+CLIPband,375,0.09723659604787827,0.09754480229198817
sub-144,IntermediateVisual,Intermediate visual,D2_visual_clipband_predclip,D2 CLIP band + PredCLIP,+CLIPband+PredCLIP,375,0.11725326627492905,0.11779508830798233
sub-144,HighLevelVTC,HighLevelVTC,D0_visual_noclip,D0 no CLIP,NoCLIP,874,-0.016067631542682648,-0.016069014477203068
sub-144,HighLevelVTC,HighLevelVTC,D1_visual_clipband,D1 CLIP band,+CLIPband,874,0.004342247266322374,0.004342274557816324
sub-144,HighLevelVTC,HighLevelVTC,D2_visual_clipband_predclip,D2 CLIP band + PredCLIP,+CLIPband+PredCLIP,874,0.018941840156912804,0.018944106046557614
sub-145,EarlyVisual,Early visual,D0_visual_noclip,D0 no CLIP,NoCLIP,3871,0.0389380156993866,0.038957712492334186
sub-145,EarlyVisual,Early visual,D1_visual_clipband,D1 CLIP band,+CLIPband,3871,0.03981519863009453,0.039836257679141014
sub-145,EarlyVisual,Early visual,D2_visual_clipband_predclip,D2 CLIP band + PredCLIP,+CLIPband+PredCLIP,3871,0.040123291313648224,0.040144843343260884
sub-145,IntermediateVisual,Intermediate visual,D0_visual_noclip,D0 no CLIP,NoCLIP,377,0.052952077239751816,0.053001651841836826
sub-145,IntermediateVisual,Intermediate visual,D1_visual_clipband,D1 CLIP band,+CLIPband,377,0.07045181095600128,0.07056872084746107
sub-145,IntermediateVisual,Intermediate visual,D2_visual_clipband_predclip,D2 CLIP band + PredCLIP,+CLIPband+PredCLIP,377,0.06625974178314209,0.06635696591470297
sub-145,HighLevelVTC,HighLevelVTC,D0_visual_noclip,D0 no CLIP,NoCLIP,888,0.0026294749695807695,0.0026294810297907193
sub-145,HighLevelVTC,HighLevelVTC,D1_visual_clipband,D1 CLIP band,+CLIPband,888,0.031098395586013794,0.0311084265992561
sub-145,HighLevelVTC,HighLevelVTC,D2_visual_clipband_predclip,D2 CLIP band + PredCLIP,+CLIPband+PredCLIP,888,0.03266502171754837,0.032676647060092046
sub-146,EarlyVisual,Early visual,D0_visual_noclip,D0 no CLIP,NoCLIP,3876,0.05534282326698303,0.055399429179134166
sub-146,EarlyVisual,Early visual,D1_visual_clipband,D1 CLIP band,+CLIPband,3876,0.07020384818315506,0.07031952555248361
sub-146,EarlyVisual,Early visual,D2_visual_clipband_predclip,D2 CLIP band + PredCLIP,+CLIPband+PredCLIP,3876,0.06568033993244171,0.06577503144167318
sub-146,IntermediateVisual,Intermediate visual,D0_visual_noclip,D0 no CLIP,NoCLIP,377,0.1311863660812378,0.13194680029064204
sub-146,IntermediateVisual,Intermediate visual,D1_visual_clipband,D1 CLIP band,+CLIPband,377,0.16518384218215942,0.16671131383320392
sub-146,IntermediateVisual,Intermediate visual,D2_visual_clipband_predclip,D2 CLIP band + PredCLIP,+CLIPband+PredCLIP,377,0.16549646854400635,0.16703272678168626
sub-146,HighLevelVTC,HighLevelVTC,D0_visual_noclip,D0 no CLIP,NoCLIP,888,0.005697989370673895,0.00569805103757288
sub-146,HighLevelVTC,HighLevelVTC,D1_visual_clipband,D1 CLIP band,+CLIPband,888,0.019601762294769287,0.019604273396094978
sub-146,HighLevelVTC,HighLevelVTC,D2_visual_clipband_predclip,D2 CLIP band + PredCLIP,+CLIPband+PredCLIP,888,0.0310243871062994,0.031034346646426077
sub-149,EarlyVisual,Early visual,D0_visual_noclip,D0 no CLIP,NoCLIP,3868,0.032595742493867874,0.03260729399327197
sub-149,EarlyVisual,Early visual,D1_visual_clipband,D1 CLIP band,+CLIPband,3868,0.03878917545080185,0.03880864709822259
sub-149,EarlyVisual,Early visual,D2_visual_clipband_predclip,D2 CLIP band + PredCLIP,+CLIPband+PredCLIP,3868,0.040245573967695236,0.040267323777473656
sub-149,IntermediateVisual,Intermediate visual,D0_visual_noclip,D0 no CLIP,NoCLIP,377,0.17372167110443115,0.17550160908609685
sub-149,IntermediateVisual,Intermediate visual,D1_visual_clipband,D1 CLIP band,+CLIPband,377,0.20679649710655212,0.20982239593052257
sub-149,IntermediateVisual,Intermediate visual,D2_visual_clipband_predclip,D2 CLIP band + PredCLIP,+CLIPband+PredCLIP,377,0.2121984213590622,0.21547230641368825
sub-149,HighLevelVTC,HighLevelVTC,D0_visual_noclip,D0 no CLIP,NoCLIP,886,0.013695422559976578,0.013696278915165767
sub-149,HighLevelVTC,HighLevelVTC,D1_visual_clipband,D1 CLIP band,+CLIPband,886,0.04063349962234497,0.04065588487279961
sub-149,HighLevelVTC,HighLevelVTC,D2_visual_clipband_predclip,D2 CLIP band + PredCLIP,+CLIPband+PredCLIP,886,0.04539523273706436,0.04542645374522637
sub-150,EarlyVisual,Early visual,D0_visual_noclip,D0 no CLIP,NoCLIP,3870,0.07122434675693512,0.07134515284952088
sub-150,EarlyVisual,Early visual,D1_visual_clipband,D1 CLIP band,+CLIPband,3870,0.08732299506664276,0.08754597095193258
sub-150,EarlyVisual,Early visual,D2_visual_clipband_predclip,D2 CLIP band + PredCLIP,+CLIPband+PredCLIP,3870,0.08637884259223938,0.0865946424557588
sub-150,IntermediateVisual,Intermediate visual,D0_visual_noclip,D0 no CLIP,NoCLIP,376,0.09087397158145905,0.09112536652226749
sub-150,IntermediateVisual,Intermediate visual,D1_visual_clipband,D1 CLIP band,+CLIPband,376,0.14218935370445251,0.14315940107527186
sub-150,IntermediateVisual,Intermediate visual,D2_visual_clipband_predclip,D2 CLIP band + PredCLIP,+CLIPband+PredCLIP,376,0.14463704824447632,0.14565849673344056
sub-150,HighLevelVTC,HighLevelVTC,D0_visual_noclip,D0 no CLIP,NoCLIP,888,0.021267620846629143,0.021270828248343053
sub-150,HighLevelVTC,HighLevelVTC,D1_visual_clipband,D1 CLIP band,+CLIPband,888,0.048205263912677765,0.04824265501235783
sub-150,HighLevelVTC,HighLevelVTC,D2_visual_clipband_predclip,D2 CLIP band + PredCLIP,+CLIPband+PredCLIP,888,0.0581713505089283,0.05823709951477806
sub-151,EarlyVisual,Early visual,D0_visual_noclip,D0 no CLIP,NoCLIP,3876,0.040738362818956375,0.040760921942095296
sub-151,EarlyVisual,Early visual,D1_visual_clipband,D1 CLIP band,+CLIPband,3876,0.05497891828417778,0.055034413551292787
sub-151,EarlyVisual,Early visual,D2_visual_clipband_predclip,D2 CLIP band + PredCLIP,+CLIPband+PredCLIP,3876,0.0634692832827568,0.06355471536229126
sub-151,IntermediateVisual,Intermediate visual,D0_visual_noclip,D0 no CLIP,NoCLIP,373,0.03592772036790848,0.035943190864825114
sub-151,IntermediateVisual,Intermediate visual,D1_visual_clipband,D1 CLIP band,+CLIPband,373,0.07980555295944214,0.07997562858143795
sub-151,IntermediateVisual,Intermediate visual,D2_visual_clipband_predclip,D2 CLIP band + PredCLIP,+CLIPband+PredCLIP,373,0.09205525368452072,0.09231661448135746
sub-151,HighLevelVTC,HighLevelVTC,D0_visual_noclip,D0 no CLIP,NoCLIP,889,0.013874533586204052,0.013875423984025395
sub-151,HighLevelVTC,HighLevelVTC,D1_visual_clipband,D1 CLIP band,+CLIPband,889,0.030472805723547935,0.030482243249011897
sub-151,HighLevelVTC,HighLevelVTC,D2_visual_clipband_predclip,D2 CLIP band + PredCLIP,+CLIPband+PredCLIP,889,0.051020026206970215,0.05106436458504383
