roi,roi_label,model,model_label,n_subjects,mean_r_joint,sem_r_joint,ci95_lo_r_joint,ci95_hi_r_joint,cohens_dz_z,p,q_fdr_bh,sig_fdr_05
EarlyVisual,Early visual,D0_visual_noclip,D0 no CLIP,25,0.046894399970769884,0.004022978324819645,0.03859138079271392,0.05519741914882585,2.327765339689509,1.999960000799984e-05,2.249955000899982e-05,True
EarlyVisual,Early visual,D1_visual_clipband,D1 CLIP band,25,0.061733876690268516,0.0038871787336011597,0.053711134093198054,0.06975661928733898,3.1692444478615274,1.999960000799984e-05,2.249955000899982e-05,True
EarlyVisual,Early visual,D2_visual_clipband_predclip,D2 CLIP band + PredCLIP,25,0.06230822168290615,0.0036241674430262036,0.05482830771014527,0.06978813565566704,3.430722503448277,1.999960000799984e-05,2.249955000899982e-05,True
HighLevelVTC,HighLevelVTC,D0_visual_noclip,D0 no CLIP,25,-0.0026995767350308595,0.003185113787176016,-0.009273328499005015,0.003874175028943297,-0.16955320755055195,0.7983840323193536,0.7983840323193536,False
HighLevelVTC,HighLevelVTC,D1_visual_clipband,D1 CLIP band,25,0.01950663034338504,0.002924475146010031,0.013470810296018041,0.025542450390752036,1.333784235784554,1.999960000799984e-05,2.249955000899982e-05,True
HighLevelVTC,HighLevelVTC,D2_visual_clipband_predclip,D2 CLIP band + PredCLIP,25,0.027922272451687605,0.002816942292286403,0.02210838930644856,0.03373615559692665,1.9813660764680143,1.999960000799984e-05,2.249955000899982e-05,True
IntermediateVisual,Intermediate visual,D0_visual_noclip,D0 no CLIP,25,0.05955978766083717,0.0074557882859276736,0.044171796941708,0.07494777837996634,1.588698468019674,1.999960000799984e-05,2.249955000899982e-05,True
IntermediateVisual,Intermediate visual,D1_visual_clipband,D1 CLIP band,25,0.1016839973628521,0.0076308899844490215,0.08593461450000608,0.1174333802256981,2.637711914769718,1.999960000799984e-05,2.249955000899982e-05,True
IntermediateVisual,Intermediate visual,D2_visual_clipband_predclip,D2 CLIP band + PredCLIP,25,0.10212682828307151,0.008121757510826407,0.08536434463858532,0.11888931192755771,2.490369488402646,1.999960000799984e-05,2.249955000899982e-05,True
