subject,comparison,comparison_label,model_A,model_B,slope_delta_z_per_step,slope_delta_r_per_step
sub-104,M2_predclip_gt_M0_visual,+PredCLIP > Visual,M2_visual_predclip,M0_visual,0.005949207285312593,0.005951717728748918
sub-105,M2_predclip_gt_M0_visual,+PredCLIP > Visual,M2_visual_predclip,M0_visual,0.00882017427317161,0.00882549025118351
sub-109,M2_predclip_gt_M0_visual,+PredCLIP > Visual,M2_visual_predclip,M0_visual,0.020852384420704122,0.02084762416779995
sub-112,M2_predclip_gt_M0_visual,+PredCLIP > Visual,M2_visual_predclip,M0_visual,0.005598629435551422,0.0055972738191485405
sub-115,M2_predclip_gt_M0_visual,+PredCLIP > Visual,M2_visual_predclip,M0_visual,-0.003001739697548307,-0.0029997280798852444
sub-117,M2_predclip_gt_M0_visual,+PredCLIP > Visual,M2_visual_predclip,M0_visual,0.002699488274859406,0.0026982463896274567
sub-118,M2_predclip_gt_M0_visual,+PredCLIP > Visual,M2_visual_predclip,M0_visual,0.008691812740232754,0.008703393395990133
sub-122,M2_predclip_gt_M0_visual,+PredCLIP > Visual,M2_visual_predclip,M0_visual,-0.0028279165034006517,-0.0028262444684514776
sub-124,M2_predclip_gt_M0_visual,+PredCLIP > Visual,M2_visual_predclip,M0_visual,0.008380368390676917,0.00838251516688615
sub-125,M2_predclip_gt_M0_visual,+PredCLIP > Visual,M2_visual_predclip,M0_visual,0.010262791839903015,0.010251638013869524
sub-126,M2_predclip_gt_M0_visual,+PredCLIP > Visual,M2_visual_predclip,M0_visual,0.00689912478519499,0.006898835767060518
sub-129,M2_predclip_gt_M0_visual,+PredCLIP > Visual,M2_visual_predclip,M0_visual,0.006941496458711374,0.006943597225472331
sub-132,M2_predclip_gt_M0_visual,+PredCLIP > Visual,M2_visual_predclip,M0_visual,0.005010820037075134,0.005004909820854664
sub-134,M2_predclip_gt_M0_visual,+PredCLIP > Visual,M2_visual_predclip,M0_visual,0.015653299394845617,0.015641341102309525
sub-137,M2_predclip_gt_M0_visual,+PredCLIP > Visual,M2_visual_predclip,M0_visual,0.0037625829222567063,0.003764982655411586
sub-139,M2_predclip_gt_M0_visual,+PredCLIP > Visual,M2_visual_predclip,M0_visual,0.0013567243197830418,0.001356457523797872
sub-140,M2_predclip_gt_M0_visual,+PredCLIP > Visual,M2_visual_predclip,M0_visual,0.004498981597975614,0.004499356262385845
sub-141,M2_predclip_gt_M0_visual,+PredCLIP > Visual,M2_visual_predclip,M0_visual,0.008554409335504354,0.008519470691680908
sub-143,M2_predclip_gt_M0_visual,+PredCLIP > Visual,M2_visual_predclip,M0_visual,0.004597009926620683,0.004598323255777359
sub-144,M2_predclip_gt_M0_visual,+PredCLIP > Visual,M2_visual_predclip,M0_visual,0.00889049086351051,0.008891141507774591
sub-145,M2_predclip_gt_M0_visual,+PredCLIP > Visual,M2_visual_predclip,M0_visual,0.0026484818810709196,0.0026481340173631907
sub-146,M2_predclip_gt_M0_visual,+PredCLIP > Visual,M2_visual_predclip,M0_visual,0.013154441404487679,0.013145646546036003
sub-149,M2_predclip_gt_M0_visual,+PredCLIP > Visual,M2_visual_predclip,M0_visual,0.0021658647723609443,0.002165134996175766
sub-150,M2_predclip_gt_M0_visual,+PredCLIP > Visual,M2_visual_predclip,M0_visual,0.006714050922370691,0.006710956804454327
sub-151,M2_predclip_gt_M0_visual,+PredCLIP > Visual,M2_visual_predclip,M0_visual,0.008657943000407725,0.008648973889648914
sub-104,M1_rawcal_gt_M0_visual,+RawCal > Visual,M1_visual_rawcal,M0_visual,0.0069465691320530635,0.006953448057174683
sub-105,M1_rawcal_gt_M0_visual,+RawCal > Visual,M1_visual_rawcal,M0_visual,0.003199602673959228,0.0032156724482774734
sub-109,M1_rawcal_gt_M0_visual,+RawCal > Visual,M1_visual_rawcal,M0_visual,0.020394992996125176,0.02039184421300888
sub-112,M1_rawcal_gt_M0_visual,+RawCal > Visual,M1_visual_rawcal,M0_visual,0.008705713216977166,0.008701187558472157
sub-115,M1_rawcal_gt_M0_visual,+RawCal > Visual,M1_visual_rawcal,M0_visual,-0.002831816832222214,-0.00282847648486495
sub-117,M1_rawcal_gt_M0_visual,+RawCal > Visual,M1_visual_rawcal,M0_visual,-0.000565038766004812,-0.0005532726645469666
sub-118,M1_rawcal_gt_M0_visual,+RawCal > Visual,M1_visual_rawcal,M0_visual,0.006464670879413197,0.006488775368779898
sub-122,M1_rawcal_gt_M0_visual,+RawCal > Visual,M1_visual_rawcal,M0_visual,-0.001676010318462805,-0.0016743044834583998
sub-124,M1_rawcal_gt_M0_visual,+RawCal > Visual,M1_visual_rawcal,M0_visual,0.010134121095368608,0.010134174604900181
sub-125,M1_rawcal_gt_M0_visual,+RawCal > Visual,M1_visual_rawcal,M0_visual,0.012043253404996911,0.012030621524900196
sub-126,M1_rawcal_gt_M0_visual,+RawCal > Visual,M1_visual_rawcal,M0_visual,0.005664726073832172,0.005664860480464995
sub-129,M1_rawcal_gt_M0_visual,+RawCal > Visual,M1_visual_rawcal,M0_visual,0.006904552877816517,0.006906282855197787
sub-132,M1_rawcal_gt_M0_visual,+RawCal > Visual,M1_visual_rawcal,M0_visual,0.004859753442748773,0.004856594838202
sub-134,M1_rawcal_gt_M0_visual,+RawCal > Visual,M1_visual_rawcal,M0_visual,0.018641915363779404,0.018619423848576844
sub-137,M1_rawcal_gt_M0_visual,+RawCal > Visual,M1_visual_rawcal,M0_visual,0.001628556862589456,0.0016324704920407385
sub-139,M1_rawcal_gt_M0_visual,+RawCal > Visual,M1_visual_rawcal,M0_visual,-9.410952772365144e-05,-9.412857980350962e-05
sub-140,M1_rawcal_gt_M0_visual,+RawCal > Visual,M1_visual_rawcal,M0_visual,0.003459941631986688,0.003459247760474682
sub-141,M1_rawcal_gt_M0_visual,+RawCal > Visual,M1_visual_rawcal,M0_visual,0.00596489969422211,0.0059487326070666304
sub-143,M1_rawcal_gt_M0_visual,+RawCal > Visual,M1_visual_rawcal,M0_visual,0.0036260650799835774,0.0036314688622951508
sub-144,M1_rawcal_gt_M0_visual,+RawCal > Visual,M1_visual_rawcal,M0_visual,0.011045660936141963,0.011047489941120148
sub-145,M1_rawcal_gt_M0_visual,+RawCal > Visual,M1_visual_rawcal,M0_visual,0.0013230544413503345,0.001322712516412139
sub-146,M1_rawcal_gt_M0_visual,+RawCal > Visual,M1_visual_rawcal,M0_visual,0.017251691971333544,0.01723593845963478
sub-149,M1_rawcal_gt_M0_visual,+RawCal > Visual,M1_visual_rawcal,M0_visual,0.001949010817954365,0.0019484534859657288
sub-150,M1_rawcal_gt_M0_visual,+RawCal > Visual,M1_visual_rawcal,M0_visual,0.008507523595423562,0.008504464291036129
sub-151,M1_rawcal_gt_M0_visual,+RawCal > Visual,M1_visual_rawcal,M0_visual,0.0076900568292233296,0.007686900906264782
