roi,roi_label,model,model_label,n_subjects,mean_r_joint,sem_r_joint,ci95_lo_r_joint,ci95_hi_r_joint,mean_z_joint,cohens_dz_z,p,sig_unc_05,q_fdr_bh,sig_fdr_05
EarlyVisual,Early visual,M0_visual,M0 Visual,25,0.047214853851182854,0.004912230004129133,0.03707650941127473,0.05735319829109098,0.047277586702261475,1.9195250386079767,1.999960000799984e-05,True,2.3076461547692122e-05,True
EarlyVisual,Early visual,M1_visual_rawcal,M1 +RawCal,25,0.05214156169444323,0.004306755267786198,0.04325285569197539,0.06103026769691106,0.052211976579513555,2.4173374606998324,1.999960000799984e-05,True,2.3076461547692122e-05,True
EarlyVisual,Early visual,M2_visual_predclip,M2 +PredCLIP,25,0.04989653130993247,0.004413077039376001,0.0407883879560107,0.05900467466385424,0.04996083892206283,2.258041518586333,1.999960000799984e-05,True,2.3076461547692122e-05,True
EarlyVisual,Early visual,M3_visual_resclip,M3 +ResCLIP,25,0.04981855308637023,0.003834132765472009,0.041905291986621684,0.05773181418611878,0.049877025902044805,2.594838903207871,1.999960000799984e-05,True,2.3076461547692122e-05,True
EarlyVisual,Early visual,M4_visual_pred_resclip,M4 +Pred+Res,25,0.04873315844684839,0.003561640826025528,0.04138229306897867,0.05608402382471811,0.048786337967160615,2.7327615109390204,1.999960000799984e-05,True,2.3076461547692122e-05,True
IntermediateVisual,Intermediate visual,M0_visual,M0 Visual,25,0.07030982472002506,0.008117943926033173,0.05355521192770827,0.08706443751234186,0.07054727280934099,1.7247189733660564,1.999960000799984e-05,True,2.3076461547692122e-05,True
IntermediateVisual,Intermediate visual,M1_visual_rawcal,M1 +RawCal,25,0.0807887253537774,0.007994951418632875,0.06428795662057511,0.09728949408697969,0.08109522857410853,2.0104575806162543,1.999960000799984e-05,True,2.3076461547692122e-05,True
IntermediateVisual,Intermediate visual,M2_visual_predclip,M2 +PredCLIP,25,0.07635697498917579,0.008376816680847771,0.059068075090552466,0.09364587488779912,0.0766400906525329,1.8146688542087166,1.999960000799984e-05,True,2.3076461547692122e-05,True
IntermediateVisual,Intermediate visual,M3_visual_resclip,M3 +ResCLIP,25,0.062245136275887486,0.007270168445770095,0.04724024607786917,0.0772500264739058,0.062416103291879514,1.705831530683436,1.999960000799984e-05,True,2.3076461547692122e-05,True
IntermediateVisual,Intermediate visual,M4_visual_pred_resclip,M4 +Pred+Res,25,0.06541261089034378,0.007954758486873208,0.04899479629118788,0.08183042548949968,0.06561702630499744,1.6382957248819987,1.999960000799984e-05,True,2.3076461547692122e-05,True
HighLevelVTC,HighLevelVTC,M0_visual,M0 Visual,25,0.002519297034014016,0.0037318512496275665,-0.0051828653923020485,0.010221459460330082,0.0025197641896993216,0.13500098718766293,0.252614947701046,False,0.252614947701046,False
HighLevelVTC,HighLevelVTC,M1_visual_rawcal,M1 +RawCal,25,0.020344451509881765,0.0033871008259327485,0.013353818987150084,0.027335084032613446,0.020353302672780665,1.2008116930514645,1.999960000799984e-05,True,2.3076461547692122e-05,True
HighLevelVTC,HighLevelVTC,M2_visual_predclip,M2 +PredCLIP,25,0.018390509568853304,0.0033571984370285857,0.011461592543570168,0.02531942659413644,0.01839749017603179,1.0953199681643933,1.999960000799984e-05,True,2.3076461547692122e-05,True
HighLevelVTC,HighLevelVTC,M3_visual_resclip,M3 +ResCLIP,25,0.01025764770573005,0.0029670620010807955,0.004133932709438241,0.01638136270202186,0.01026078377380109,0.6913733239677562,0.0008199836003279934,True,0.0008785538574942786,True
HighLevelVTC,HighLevelVTC,M4_visual_pred_resclip,M4 +Pred+Res,25,0.018177982848137618,0.0028487607812588593,0.012298429569275142,0.024057536127000095,0.018184357838993522,1.275655537796553,1.999960000799984e-05,True,2.3076461547692122e-05,True
