roi,roi_label,band,band_label,n_subjects_valid,mean_share,sem_share,ci95_lo_share,ci95_hi_share
EarlyVisual,Early visual,LowVis,LowVis,25,0.4101886242569473,0.037415661852178074,0.33296649357787655,0.48741075493601804
EarlyVisual,Early visual,HighVis,HighVis,25,0.5253417970653939,0.03932861263415665,0.44417153001893234,0.6065120641118553
EarlyVisual,Early visual,CaloriePredCLIP,PredCLIP,25,0.02226414257772835,0.008425969460772278,0.004873796327318814,0.03965448882813788
EarlyVisual,Early visual,CalorieResCLIP,ResCLIP,25,0.04220543609993052,0.020145719983290226,0.000626713603456952,0.08378415859640409
IntermediateVisual,Intermediate visual,LowVis,LowVis,25,0.3959098039697187,0.04605014155971402,0.3008669830418582,0.4909526248975792
IntermediateVisual,Intermediate visual,HighVis,HighVis,25,0.3994599710700345,0.041604686393740806,0.31359211866500797,0.48532782347506104
IntermediateVisual,Intermediate visual,CaloriePredCLIP,PredCLIP,25,0.12603043356790114,0.026876470267142443,0.07056012524190759,0.1815007418938947
IntermediateVisual,Intermediate visual,CalorieResCLIP,ResCLIP,25,0.0785997913923456,0.03654976919010031,0.0031647753330614203,0.15403480745162978
HighLevelVTC,HighLevelVTC,LowVis,LowVis,25,0.2844643717731449,0.047017258637815536,0.18742551929886475,0.381503224247425
HighLevelVTC,HighLevelVTC,HighVis,HighVis,25,0.3102278473959291,0.044480534685529934,0.21842453583801863,0.4020311589538396
HighLevelVTC,HighLevelVTC,CaloriePredCLIP,PredCLIP,25,0.3248582646929377,0.045740129464278044,0.2304552772829348,0.41926125210294063
HighLevelVTC,HighLevelVTC,CalorieResCLIP,ResCLIP,25,0.08044951613798824,0.03197698227941698,0.01445226840629485,0.14644676386968164
