roi,roi_label,band,band_label,mean_r_split,sem_r_split,ci95_lo_r_split,ci95_hi_r_split,cohens_dz,p,sig_unc_05,q_fdr_bh,sig_fdr_05
EarlyVisual,Early visual,LowVis,LowVis,0.023423502491787075,0.0020018766614237826,0.019291832129717825,0.027555172853856325,2.3401544104248377,1.999960000799984e-05,True,4.7999040019199616e-05,True
EarlyVisual,Early visual,HighVis,HighVis,0.03231024970766157,0.0030633134191024288,0.02598788154816025,0.038632617867162884,2.109496828250025,1.999960000799984e-05,True,4.7999040019199616e-05,True
EarlyVisual,Early visual,CaloriePredCLIP,PredCLIP,-0.00011023024824680761,0.0006840026889828736,-0.0015219424141882589,0.0013014819176946435,-0.03223094003057862,0.5636087278254435,False,0.751478303767258,False
EarlyVisual,Early visual,CalorieResCLIP,ResCLIP,-0.0010651627636980266,0.0013060073227820757,-0.003760629398663615,0.0016303038712675614,-0.16311742593127296,0.7834043319133618,False,0.7834043319133618,False
IntermediateVisual,Intermediate visual,LowVis,LowVis,0.02969082453288138,0.004696938908423088,0.01999681907573228,0.03938482999003048,1.2642627511989308,1.999960000799984e-05,True,4.7999040019199616e-05,True
IntermediateVisual,Intermediate visual,HighVis,HighVis,0.03327457846142352,0.005088842365134082,0.02277172402367155,0.04377743289917548,1.3077464803941432,1.999960000799984e-05,True,4.7999040019199616e-05,True
IntermediateVisual,Intermediate visual,CaloriePredCLIP,PredCLIP,0.008995825753954705,0.0024712704799009478,0.0038953741650933505,0.01409627734281606,0.7280324697048355,0.00047999040019199615,True,0.0007199856002879943,True
IntermediateVisual,Intermediate visual,CalorieResCLIP,ResCLIP,-0.002398037579841912,0.0032895835939835624,-0.00918740442781972,0.0043913292681358965,-0.1457958134414197,0.7647047059058819,False,0.7834043319133618,False
HighLevelVTC,HighLevelVTC,LowVis,LowVis,0.008535666577486153,0.0017101745988368348,0.005006039682814033,0.012065293472158274,0.9982216533085729,3.999920001599968e-05,True,7.999840003199936e-05,True
HighLevelVTC,HighLevelVTC,HighVis,HighVis,0.008519291275879368,0.0017042881982406465,0.005001813314930887,0.012036769236827848,0.9997477286616098,9.99980000399992e-05,True,0.0001714251429257129,True
HighLevelVTC,HighLevelVTC,CaloriePredCLIP,PredCLIP,0.009096281189995352,0.0013055256098020722,0.006401808761756311,0.011790753618234394,1.3935048262093332,1.999960000799984e-05,True,4.7999040019199616e-05,True
HighLevelVTC,HighLevelVTC,CalorieResCLIP,ResCLIP,-0.000968664649699349,0.001316921164386608,-0.0036866563466543675,0.0017493270472556694,-0.147110499230306,0.7629647407051859,False,0.7834043319133618,False
