roi,roi_label,comparison,comparison_label,model_A,model_B,n_subjects,mean_r_A,mean_r_B,mean_delta_r,sem_delta_r,ci95_lo_delta_r,ci95_hi_delta_r,cohens_dz,p,q_fdr_bh,sig_fdr_05
EarlyVisual,Early visual,D1_clipband_gt_D0_noclip,+CLIPband > NoCLIP,D1_visual_clipband,D0_visual_noclip,25,0.061733876690268516,0.046894399970769884,0.014839476719498635,0.0020449693807813264,0.010618867355930713,0.019060086083066557,1.4515969379702223,1.999960000799984e-05,2.5713771438856937e-05,True
HighLevelVTC,HighLevelVTC,D1_clipband_gt_D0_noclip,+CLIPband > NoCLIP,D1_visual_clipband,D0_visual_noclip,25,0.01950663034338504,-0.0026995767350308595,0.0222062070784159,0.0019027776643906202,0.018279066993782175,0.026133347163049627,2.33407714634915,1.999960000799984e-05,2.5713771438856937e-05,True
IntermediateVisual,Intermediate visual,D1_clipband_gt_D0_noclip,+CLIPband > NoCLIP,D1_visual_clipband,D0_visual_noclip,25,0.1016839973628521,0.05955978766083717,0.04212420970201492,0.005943577103252764,0.029857269467686305,0.05439114993634354,1.4190901865148353,1.999960000799984e-05,2.5713771438856937e-05,True
EarlyVisual,Early visual,D2_predclip_gt_D0_noclip,+CLIPband+PredCLIP > NoCLIP,D2_visual_clipband_predclip,D0_visual_noclip,25,0.06230822168290615,0.046894399970769884,0.015413821712136268,0.0021830401692591005,0.01090824824682622,0.019919395177446314,1.4121830475227102,1.999960000799984e-05,2.5713771438856937e-05,True
HighLevelVTC,HighLevelVTC,D2_predclip_gt_D0_noclip,+CLIPband+PredCLIP > NoCLIP,D2_visual_clipband_predclip,D0_visual_noclip,25,0.027922272451687605,-0.0026995767350308595,0.030621849186718463,0.0023294229255713824,0.025814156561208352,0.03542954181222857,2.6290092130959892,1.999960000799984e-05,2.5713771438856937e-05,True
IntermediateVisual,Intermediate visual,D2_predclip_gt_D0_noclip,+CLIPband+PredCLIP > NoCLIP,D2_visual_clipband_predclip,D0_visual_noclip,25,0.10212682828307151,0.05955978766083717,0.04256704062223435,0.006750428170752559,0.02863484163024487,0.056499239614223824,1.263184895633549,1.999960000799984e-05,2.5713771438856937e-05,True
EarlyVisual,Early visual,D2_predclip_gt_D1_clipband,+PredCLIP > CLIPband,D2_visual_clipband_predclip,D1_visual_clipband,25,0.06230822168290615,0.061733876690268516,0.0005743449926376343,0.0006683151642351973,-0.0008049897135415838,0.0019536796988168523,0.1710013380832188,0.20349593008139838,0.2289329213415732,False
HighLevelVTC,HighLevelVTC,D2_predclip_gt_D1_clipband,+PredCLIP > CLIPband,D2_visual_clipband_predclip,D1_visual_clipband,25,0.027922272451687605,0.01950663034338504,0.008415642108302564,0.0012789898120053205,0.00577593687496789,0.011055347341637238,1.3161177666544133,1.999960000799984e-05,2.5713771438856937e-05,True
IntermediateVisual,Intermediate visual,D2_predclip_gt_D1_clipband,+PredCLIP > CLIPband,D2_visual_clipband_predclip,D1_visual_clipband,25,0.10212682828307151,0.1016839973628521,0.0004428309202194214,0.001566013548611864,-0.0027892621902505968,0.0036749240306894397,0.058976113717054864,0.3830723385532289,0.3830723385532289,False
