subject,roi,nc_r,n_vertices,nc_source_file,nc_array_size,nc_expansion_method,nc_is_preferred_legacy_file
sub-104,EarlyVisual,0.4112847149372101,4183,E:\NeuroRepFood\NeuroRepFood_CLIP_code_v3\historical_outputs\noise_ceiling\sub-104\noise_ceiling_r_splithalf100_seed42.npy,91282,legacy_noise_ceiling_r_full91k,True
sub-104,IntermediateVisual,0.5068985819816589,525,E:\NeuroRepFood\NeuroRepFood_CLIP_code_v3\historical_outputs\noise_ceiling\sub-104\noise_ceiling_r_splithalf100_seed42.npy,91282,legacy_noise_ceiling_r_full91k,True
sub-104,HighLevelVTC,0.2757316529750824,1302,E:\NeuroRepFood\NeuroRepFood_CLIP_code_v3\historical_outputs\noise_ceiling\sub-104\noise_ceiling_r_splithalf100_seed42.npy,91282,legacy_noise_ceiling_r_full91k,True
sub-105,EarlyVisual,0.37889862060546875,4183,E:\NeuroRepFood\NeuroRepFood_CLIP_code_v3\historical_outputs\noise_ceiling\sub-105\noise_ceiling_r_splithalf100_seed42.npy,91282,legacy_noise_ceiling_r_full91k,True
sub-105,IntermediateVisual,0.3673531413078308,525,E:\NeuroRepFood\NeuroRepFood_CLIP_code_v3\historical_outputs\noise_ceiling\sub-105\noise_ceiling_r_splithalf100_seed42.npy,91282,legacy_noise_ceiling_r_full91k,True
sub-105,HighLevelVTC,0.2265521138906479,1302,E:\NeuroRepFood\NeuroRepFood_CLIP_code_v3\historical_outputs\noise_ceiling\sub-105\noise_ceiling_r_splithalf100_seed42.npy,91282,legacy_noise_ceiling_r_full91k,True
sub-109,EarlyVisual,0.4411000609397888,4183,E:\NeuroRepFood\NeuroRepFood_CLIP_code_v3\historical_outputs\noise_ceiling\sub-109\noise_ceiling_r_splithalf100_seed42.npy,91282,legacy_noise_ceiling_r_full91k,True
sub-109,IntermediateVisual,0.5512798428535461,525,E:\NeuroRepFood\NeuroRepFood_CLIP_code_v3\historical_outputs\noise_ceiling\sub-109\noise_ceiling_r_splithalf100_seed42.npy,91282,legacy_noise_ceiling_r_full91k,True
sub-109,HighLevelVTC,0.2653769552707672,1302,E:\NeuroRepFood\NeuroRepFood_CLIP_code_v3\historical_outputs\noise_ceiling\sub-109\noise_ceiling_r_splithalf100_seed42.npy,91282,legacy_noise_ceiling_r_full91k,True
sub-112,EarlyVisual,0.39299023151397705,4183,E:\NeuroRepFood\NeuroRepFood_CLIP_code_v3\historical_outputs\noise_ceiling\sub-112\noise_ceiling_r_splithalf100_seed42.npy,91282,legacy_noise_ceiling_r_full91k,True
sub-112,IntermediateVisual,0.49264347553253174,525,E:\NeuroRepFood\NeuroRepFood_CLIP_code_v3\historical_outputs\noise_ceiling\sub-112\noise_ceiling_r_splithalf100_seed42.npy,91282,legacy_noise_ceiling_r_full91k,True
sub-112,HighLevelVTC,0.213959202170372,1302,E:\NeuroRepFood\NeuroRepFood_CLIP_code_v3\historical_outputs\noise_ceiling\sub-112\noise_ceiling_r_splithalf100_seed42.npy,91282,legacy_noise_ceiling_r_full91k,True
sub-115,EarlyVisual,0.350435346364975,4183,E:\NeuroRepFood\NeuroRepFood_CLIP_code_v3\historical_outputs\noise_ceiling\sub-115\noise_ceiling_r_splithalf100_seed42.npy,91282,legacy_noise_ceiling_r_full91k,True
sub-115,IntermediateVisual,0.3792831599712372,525,E:\NeuroRepFood\NeuroRepFood_CLIP_code_v3\historical_outputs\noise_ceiling\sub-115\noise_ceiling_r_splithalf100_seed42.npy,91282,legacy_noise_ceiling_r_full91k,True
sub-115,HighLevelVTC,0.24692590534687042,1302,E:\NeuroRepFood\NeuroRepFood_CLIP_code_v3\historical_outputs\noise_ceiling\sub-115\noise_ceiling_r_splithalf100_seed42.npy,91282,legacy_noise_ceiling_r_full91k,True
sub-117,EarlyVisual,0.46998798847198486,4183,E:\NeuroRepFood\NeuroRepFood_CLIP_code_v3\historical_outputs\noise_ceiling\sub-117\noise_ceiling_r_splithalf100_seed42.npy,91282,legacy_noise_ceiling_r_full91k,True
sub-117,IntermediateVisual,0.5212722420692444,525,E:\NeuroRepFood\NeuroRepFood_CLIP_code_v3\historical_outputs\noise_ceiling\sub-117\noise_ceiling_r_splithalf100_seed42.npy,91282,legacy_noise_ceiling_r_full91k,True
sub-117,HighLevelVTC,0.25235894322395325,1302,E:\NeuroRepFood\NeuroRepFood_CLIP_code_v3\historical_outputs\noise_ceiling\sub-117\noise_ceiling_r_splithalf100_seed42.npy,91282,legacy_noise_ceiling_r_full91k,True
sub-118,EarlyVisual,0.43845587968826294,4183,E:\NeuroRepFood\NeuroRepFood_CLIP_code_v3\historical_outputs\noise_ceiling\sub-118\noise_ceiling_r_splithalf100_seed42.npy,91282,legacy_noise_ceiling_r_full91k,True
sub-118,IntermediateVisual,0.540350615978241,525,E:\NeuroRepFood\NeuroRepFood_CLIP_code_v3\historical_outputs\noise_ceiling\sub-118\noise_ceiling_r_splithalf100_seed42.npy,91282,legacy_noise_ceiling_r_full91k,True
sub-118,HighLevelVTC,0.22391216456890106,1302,E:\NeuroRepFood\NeuroRepFood_CLIP_code_v3\historical_outputs\noise_ceiling\sub-118\noise_ceiling_r_splithalf100_seed42.npy,91282,legacy_noise_ceiling_r_full91k,True
sub-122,EarlyVisual,0.3479374051094055,4183,E:\NeuroRepFood\NeuroRepFood_CLIP_code_v3\historical_outputs\noise_ceiling\sub-122\noise_ceiling_r_splithalf100_seed42.npy,91282,legacy_noise_ceiling_r_full91k,True
sub-122,IntermediateVisual,0.3728659749031067,525,E:\NeuroRepFood\NeuroRepFood_CLIP_code_v3\historical_outputs\noise_ceiling\sub-122\noise_ceiling_r_splithalf100_seed42.npy,91282,legacy_noise_ceiling_r_full91k,True
sub-122,HighLevelVTC,0.23274974524974823,1302,E:\NeuroRepFood\NeuroRepFood_CLIP_code_v3\historical_outputs\noise_ceiling\sub-122\noise_ceiling_r_splithalf100_seed42.npy,91282,legacy_noise_ceiling_r_full91k,True
sub-124,EarlyVisual,0.4237808585166931,4183,E:\NeuroRepFood\NeuroRepFood_CLIP_code_v3\historical_outputs\noise_ceiling\sub-124\noise_ceiling_r_splithalf100_seed42.npy,91282,legacy_noise_ceiling_r_full91k,True
sub-124,IntermediateVisual,0.5668612718582153,525,E:\NeuroRepFood\NeuroRepFood_CLIP_code_v3\historical_outputs\noise_ceiling\sub-124\noise_ceiling_r_splithalf100_seed42.npy,91282,legacy_noise_ceiling_r_full91k,True
sub-124,HighLevelVTC,0.2611813247203827,1302,E:\NeuroRepFood\NeuroRepFood_CLIP_code_v3\historical_outputs\noise_ceiling\sub-124\noise_ceiling_r_splithalf100_seed42.npy,91282,legacy_noise_ceiling_r_full91k,True
sub-125,EarlyVisual,0.47334596514701843,4183,E:\NeuroRepFood\NeuroRepFood_CLIP_code_v3\historical_outputs\noise_ceiling\sub-125\noise_ceiling_r_splithalf100_seed42.npy,91282,legacy_noise_ceiling_r_full91k,True
sub-125,IntermediateVisual,0.5692349076271057,525,E:\NeuroRepFood\NeuroRepFood_CLIP_code_v3\historical_outputs\noise_ceiling\sub-125\noise_ceiling_r_splithalf100_seed42.npy,91282,legacy_noise_ceiling_r_full91k,True
sub-125,HighLevelVTC,0.28196436166763306,1302,E:\NeuroRepFood\NeuroRepFood_CLIP_code_v3\historical_outputs\noise_ceiling\sub-125\noise_ceiling_r_splithalf100_seed42.npy,91282,legacy_noise_ceiling_r_full91k,True
sub-126,EarlyVisual,0.3795623481273651,4183,E:\NeuroRepFood\NeuroRepFood_CLIP_code_v3\historical_outputs\noise_ceiling\sub-126\noise_ceiling_r_splithalf100_seed42.npy,91282,legacy_noise_ceiling_r_full91k,True
sub-126,IntermediateVisual,0.43450531363487244,525,E:\NeuroRepFood\NeuroRepFood_CLIP_code_v3\historical_outputs\noise_ceiling\sub-126\noise_ceiling_r_splithalf100_seed42.npy,91282,legacy_noise_ceiling_r_full91k,True
sub-126,HighLevelVTC,0.29005324840545654,1302,E:\NeuroRepFood\NeuroRepFood_CLIP_code_v3\historical_outputs\noise_ceiling\sub-126\noise_ceiling_r_splithalf100_seed42.npy,91282,legacy_noise_ceiling_r_full91k,True
sub-129,EarlyVisual,0.44560810923576355,4183,E:\NeuroRepFood\NeuroRepFood_CLIP_code_v3\historical_outputs\noise_ceiling\sub-129\noise_ceiling_r_splithalf100_seed42.npy,91282,legacy_noise_ceiling_r_full91k,True
sub-129,IntermediateVisual,0.5330535769462585,525,E:\NeuroRepFood\NeuroRepFood_CLIP_code_v3\historical_outputs\noise_ceiling\sub-129\noise_ceiling_r_splithalf100_seed42.npy,91282,legacy_noise_ceiling_r_full91k,True
sub-129,HighLevelVTC,0.30414822697639465,1302,E:\NeuroRepFood\NeuroRepFood_CLIP_code_v3\historical_outputs\noise_ceiling\sub-129\noise_ceiling_r_splithalf100_seed42.npy,91282,legacy_noise_ceiling_r_full91k,True
sub-132,EarlyVisual,0.4346029758453369,4183,E:\NeuroRepFood\NeuroRepFood_CLIP_code_v3\historical_outputs\noise_ceiling\sub-132\noise_ceiling_r_splithalf100_seed42.npy,91282,legacy_noise_ceiling_r_full91k,True
sub-132,IntermediateVisual,0.5428764224052429,525,E:\NeuroRepFood\NeuroRepFood_CLIP_code_v3\historical_outputs\noise_ceiling\sub-132\noise_ceiling_r_splithalf100_seed42.npy,91282,legacy_noise_ceiling_r_full91k,True
sub-132,HighLevelVTC,0.26298144459724426,1302,E:\NeuroRepFood\NeuroRepFood_CLIP_code_v3\historical_outputs\noise_ceiling\sub-132\noise_ceiling_r_splithalf100_seed42.npy,91282,legacy_noise_ceiling_r_full91k,True
sub-134,EarlyVisual,0.4325248599052429,4183,E:\NeuroRepFood\NeuroRepFood_CLIP_code_v3\historical_outputs\noise_ceiling\sub-134\noise_ceiling_r_splithalf100_seed42.npy,91282,legacy_noise_ceiling_r_full91k,True
sub-134,IntermediateVisual,0.4041721820831299,525,E:\NeuroRepFood\NeuroRepFood_CLIP_code_v3\historical_outputs\noise_ceiling\sub-134\noise_ceiling_r_splithalf100_seed42.npy,91282,legacy_noise_ceiling_r_full91k,True
sub-134,HighLevelVTC,0.2438882738351822,1302,E:\NeuroRepFood\NeuroRepFood_CLIP_code_v3\historical_outputs\noise_ceiling\sub-134\noise_ceiling_r_splithalf100_seed42.npy,91282,legacy_noise_ceiling_r_full91k,True
sub-137,EarlyVisual,0.449630469083786,4183,E:\NeuroRepFood\NeuroRepFood_CLIP_code_v3\historical_outputs\noise_ceiling\sub-137\noise_ceiling_r_splithalf100_seed42.npy,91282,legacy_noise_ceiling_r_full91k,True
sub-137,IntermediateVisual,0.44391560554504395,525,E:\NeuroRepFood\NeuroRepFood_CLIP_code_v3\historical_outputs\noise_ceiling\sub-137\noise_ceiling_r_splithalf100_seed42.npy,91282,legacy_noise_ceiling_r_full91k,True
sub-137,HighLevelVTC,0.27570685744285583,1302,E:\NeuroRepFood\NeuroRepFood_CLIP_code_v3\historical_outputs\noise_ceiling\sub-137\noise_ceiling_r_splithalf100_seed42.npy,91282,legacy_noise_ceiling_r_full91k,True
sub-139,EarlyVisual,0.2893815040588379,4183,E:\NeuroRepFood\NeuroRepFood_CLIP_code_v3\historical_outputs\noise_ceiling\sub-139\noise_ceiling_r_splithalf100_seed42.npy,91282,legacy_noise_ceiling_r_full91k,True
sub-139,IntermediateVisual,0.1342746466398239,525,E:\NeuroRepFood\NeuroRepFood_CLIP_code_v3\historical_outputs\noise_ceiling\sub-139\noise_ceiling_r_splithalf100_seed42.npy,91282,legacy_noise_ceiling_r_full91k,True
sub-139,HighLevelVTC,0.1427745670080185,1302,E:\NeuroRepFood\NeuroRepFood_CLIP_code_v3\historical_outputs\noise_ceiling\sub-139\noise_ceiling_r_splithalf100_seed42.npy,91282,legacy_noise_ceiling_r_full91k,True
sub-140,EarlyVisual,0.5099068284034729,4183,E:\NeuroRepFood\NeuroRepFood_CLIP_code_v3\historical_outputs\noise_ceiling\sub-140\noise_ceiling_r_splithalf100_seed42.npy,91282,legacy_noise_ceiling_r_full91k,True
sub-140,IntermediateVisual,0.5831438302993774,525,E:\NeuroRepFood\NeuroRepFood_CLIP_code_v3\historical_outputs\noise_ceiling\sub-140\noise_ceiling_r_splithalf100_seed42.npy,91282,legacy_noise_ceiling_r_full91k,True
sub-140,HighLevelVTC,0.2872713804244995,1302,E:\NeuroRepFood\NeuroRepFood_CLIP_code_v3\historical_outputs\noise_ceiling\sub-140\noise_ceiling_r_splithalf100_seed42.npy,91282,legacy_noise_ceiling_r_full91k,True
sub-141,EarlyVisual,0.43763241171836853,4183,E:\NeuroRepFood\NeuroRepFood_CLIP_code_v3\historical_outputs\noise_ceiling\sub-141\noise_ceiling_r_splithalf100_seed42.npy,91282,legacy_noise_ceiling_r_full91k,True
sub-141,IntermediateVisual,0.45040813088417053,525,E:\NeuroRepFood\NeuroRepFood_CLIP_code_v3\historical_outputs\noise_ceiling\sub-141\noise_ceiling_r_splithalf100_seed42.npy,91282,legacy_noise_ceiling_r_full91k,True
sub-141,HighLevelVTC,0.23552541434764862,1302,E:\NeuroRepFood\NeuroRepFood_CLIP_code_v3\historical_outputs\noise_ceiling\sub-141\noise_ceiling_r_splithalf100_seed42.npy,91282,legacy_noise_ceiling_r_full91k,True
sub-143,EarlyVisual,0.37578654289245605,4183,E:\NeuroRepFood\NeuroRepFood_CLIP_code_v3\historical_outputs\noise_ceiling\sub-143\noise_ceiling_r_splithalf100_seed42.npy,91282,legacy_noise_ceiling_r_full91k,True
sub-143,IntermediateVisual,0.40853771567344666,525,E:\NeuroRepFood\NeuroRepFood_CLIP_code_v3\historical_outputs\noise_ceiling\sub-143\noise_ceiling_r_splithalf100_seed42.npy,91282,legacy_noise_ceiling_r_full91k,True
sub-143,HighLevelVTC,0.23406729102134705,1302,E:\NeuroRepFood\NeuroRepFood_CLIP_code_v3\historical_outputs\noise_ceiling\sub-143\noise_ceiling_r_splithalf100_seed42.npy,91282,legacy_noise_ceiling_r_full91k,True
sub-144,EarlyVisual,0.4769126772880554,4183,E:\NeuroRepFood\NeuroRepFood_CLIP_code_v3\historical_outputs\noise_ceiling\sub-144\noise_ceiling_r_splithalf100_seed42.npy,91282,legacy_noise_ceiling_r_full91k,True
sub-144,IntermediateVisual,0.5280516743659973,525,E:\NeuroRepFood\NeuroRepFood_CLIP_code_v3\historical_outputs\noise_ceiling\sub-144\noise_ceiling_r_splithalf100_seed42.npy,91282,legacy_noise_ceiling_r_full91k,True
sub-144,HighLevelVTC,0.23036880791187286,1302,E:\NeuroRepFood\NeuroRepFood_CLIP_code_v3\historical_outputs\noise_ceiling\sub-144\noise_ceiling_r_splithalf100_seed42.npy,91282,legacy_noise_ceiling_r_full91k,True
sub-145,EarlyVisual,0.37426725029945374,4183,E:\NeuroRepFood\NeuroRepFood_CLIP_code_v3\historical_outputs\noise_ceiling\sub-145\noise_ceiling_r_splithalf100_seed42.npy,91282,legacy_noise_ceiling_r_full91k,True
sub-145,IntermediateVisual,0.44598388671875,525,E:\NeuroRepFood\NeuroRepFood_CLIP_code_v3\historical_outputs\noise_ceiling\sub-145\noise_ceiling_r_splithalf100_seed42.npy,91282,legacy_noise_ceiling_r_full91k,True
sub-145,HighLevelVTC,0.2346211075782776,1302,E:\NeuroRepFood\NeuroRepFood_CLIP_code_v3\historical_outputs\noise_ceiling\sub-145\noise_ceiling_r_splithalf100_seed42.npy,91282,legacy_noise_ceiling_r_full91k,True
sub-146,EarlyVisual,0.37648993730545044,4183,E:\NeuroRepFood\NeuroRepFood_CLIP_code_v3\historical_outputs\noise_ceiling\sub-146\noise_ceiling_r_splithalf100_seed42.npy,91282,legacy_noise_ceiling_r_full91k,True
sub-146,IntermediateVisual,0.4961544871330261,525,E:\NeuroRepFood\NeuroRepFood_CLIP_code_v3\historical_outputs\noise_ceiling\sub-146\noise_ceiling_r_splithalf100_seed42.npy,91282,legacy_noise_ceiling_r_full91k,True
sub-146,HighLevelVTC,0.2589772641658783,1302,E:\NeuroRepFood\NeuroRepFood_CLIP_code_v3\historical_outputs\noise_ceiling\sub-146\noise_ceiling_r_splithalf100_seed42.npy,91282,legacy_noise_ceiling_r_full91k,True
sub-149,EarlyVisual,0.4949032664299011,4183,E:\NeuroRepFood\NeuroRepFood_CLIP_code_v3\historical_outputs\noise_ceiling\sub-149\noise_ceiling_r_splithalf100_seed42.npy,91282,legacy_noise_ceiling_r_full91k,True
sub-149,IntermediateVisual,0.6601194143295288,525,E:\NeuroRepFood\NeuroRepFood_CLIP_code_v3\historical_outputs\noise_ceiling\sub-149\noise_ceiling_r_splithalf100_seed42.npy,91282,legacy_noise_ceiling_r_full91k,True
sub-149,HighLevelVTC,0.3355560600757599,1302,E:\NeuroRepFood\NeuroRepFood_CLIP_code_v3\historical_outputs\noise_ceiling\sub-149\noise_ceiling_r_splithalf100_seed42.npy,91282,legacy_noise_ceiling_r_full91k,True
sub-150,EarlyVisual,0.4725017547607422,4183,E:\NeuroRepFood\NeuroRepFood_CLIP_code_v3\historical_outputs\noise_ceiling\sub-150\noise_ceiling_r_splithalf100_seed42.npy,91282,legacy_noise_ceiling_r_full91k,True
sub-150,IntermediateVisual,0.4932107925415039,525,E:\NeuroRepFood\NeuroRepFood_CLIP_code_v3\historical_outputs\noise_ceiling\sub-150\noise_ceiling_r_splithalf100_seed42.npy,91282,legacy_noise_ceiling_r_full91k,True
sub-150,HighLevelVTC,0.2979138195514679,1302,E:\NeuroRepFood\NeuroRepFood_CLIP_code_v3\historical_outputs\noise_ceiling\sub-150\noise_ceiling_r_splithalf100_seed42.npy,91282,legacy_noise_ceiling_r_full91k,True
sub-151,EarlyVisual,0.4084659814834595,4183,E:\NeuroRepFood\NeuroRepFood_CLIP_code_v3\historical_outputs\noise_ceiling\sub-151\noise_ceiling_r_splithalf100_seed42.npy,91282,legacy_noise_ceiling_r_full91k,True
sub-151,IntermediateVisual,0.47853952646255493,525,E:\NeuroRepFood\NeuroRepFood_CLIP_code_v3\historical_outputs\noise_ceiling\sub-151\noise_ceiling_r_splithalf100_seed42.npy,91282,legacy_noise_ceiling_r_full91k,True
sub-151,HighLevelVTC,0.23349632322788239,1302,E:\NeuroRepFood\NeuroRepFood_CLIP_code_v3\historical_outputs\noise_ceiling\sub-151\noise_ceiling_r_splithalf100_seed42.npy,91282,legacy_noise_ceiling_r_full91k,True
