panel,roi,effect,mean,ci_lo,ci_hi,p,q_fdr_bh,marked_in_plot
A,EarlyVisual,M0_visual_gt_0,0.047214853851182854,0.03707650941127473,0.05735319829109098,1.999960000799984e-05,2.3076461547692122e-05,True
A,IntermediateVisual,M0_visual_gt_0,0.07030982472002506,0.05355521192770827,0.08706443751234186,1.999960000799984e-05,2.3076461547692122e-05,True
A,HighLevelVTC,M0_visual_gt_0,0.002519297034014016,-0.0051828653923020485,0.010221459460330082,0.252614947701046,0.252614947701046,False
B,EarlyVisual,M0_visual_gt_0,0.047214853851182854,0.03707650941127473,0.05735319829109098,1.999960000799984e-05,2.3076461547692122e-05,True
B,EarlyVisual,M1_visual_rawcal_gt_0,0.05214156169444323,0.04325285569197539,0.06103026769691106,1.999960000799984e-05,2.3076461547692122e-05,True
B,EarlyVisual,M2_visual_predclip_gt_0,0.04989653130993247,0.0407883879560107,0.05900467466385424,1.999960000799984e-05,2.3076461547692122e-05,True
B,IntermediateVisual,M0_visual_gt_0,0.07030982472002506,0.05355521192770827,0.08706443751234186,1.999960000799984e-05,2.3076461547692122e-05,True
B,IntermediateVisual,M1_visual_rawcal_gt_0,0.0807887253537774,0.06428795662057511,0.09728949408697969,1.999960000799984e-05,2.3076461547692122e-05,True
B,IntermediateVisual,M2_visual_predclip_gt_0,0.07635697498917579,0.059068075090552466,0.09364587488779912,1.999960000799984e-05,2.3076461547692122e-05,True
B,HighLevelVTC,M0_visual_gt_0,0.002519297034014016,-0.0051828653923020485,0.010221459460330082,0.252614947701046,0.252614947701046,False
B,HighLevelVTC,M1_visual_rawcal_gt_0,0.020344451509881765,0.013353818987150084,0.027335084032613446,1.999960000799984e-05,2.3076461547692122e-05,True
B,HighLevelVTC,M2_visual_predclip_gt_0,0.018390509568853304,0.011461592543570168,0.02531942659413644,1.999960000799984e-05,2.3076461547692122e-05,True
B,HighLevelVTC,M1_rawcal_gt_M0_visual,0.017825154475867747,0.013666659791390591,0.021983649160344905,1.999960000799984e-05,0.00015999680006399873,True
B,HighLevelVTC,M2_predclip_gt_M0_visual,0.015871212534839287,0.012159227833349582,0.01958319723632899,1.999960000799984e-05,0.00015999680006399873,True
C,EarlyVisual,M2_predclip_gt_M0_visual,0.0026816774587496185,0.0008368228291526032,0.004526532088346634,0.003399932001359973,0.009066485336959928,True
C,IntermediateVisual,M2_predclip_gt_M0_visual,0.006047150269150734,0.0012269098221318773,0.01086739071616959,0.005319893602127958,0.012767744645107097,True
C,HighLevelVTC,M2_predclip_gt_M0_visual,0.015871212534839287,0.012159227833349582,0.01958319723632899,1.999960000799984e-05,0.00015999680006399873,True
C,HighLevelVTC_vs_EarlyVisual,HighLevelVTC_gt_Early_for_M2_minus_M0,0.01318953507608967,,,1.999960000799984e-05,5.9998800023999525e-05,True
