subject,roi,roi_label,n_vertices,r_joint,r_split_LowVis,r_split_HighVis,r_split_CaloriePredCLIP,r_split_CalorieResCLIP,r_split_Visual,r_split_CalorieTotal
sub-104,EarlyVisual,Early visual,3887,0.05607766658067703,0.025028932839632034,0.040700506418943405,-0.000984945218078792,-0.0009521361207589507,0.06572943925857544,-0.0019370813388377428
sub-104,IntermediateVisual,Intermediate visual,377,0.03114357218146324,0.04179047793149948,0.006748346146196127,-0.007539346814155579,-0.0013750045327469707,0.04853882407769561,-0.00891435134690255
sub-104,HighLevelVTC,HighLevelVTC,892,0.007875390350818634,0.004090290982276201,0.0027507273480296135,0.0047094086185097694,0.003807840868830681,0.006841018330305815,0.00851724948734045
sub-105,EarlyVisual,Early visual,3886,0.04330620914697647,0.025034165009856224,0.024336358532309532,0.0006366600864566863,-0.0008550573838874698,0.049370523542165756,-0.0002183972974307835
sub-105,IntermediateVisual,Intermediate visual,377,0.07146327197551727,0.017128339037299156,0.04925130680203438,0.011712833307683468,-0.0019070669077336788,0.06637964583933353,0.009805766399949789
sub-105,HighLevelVTC,HighLevelVTC,892,0.018187658861279488,0.0065032122656702995,0.004323250148445368,0.017017031088471413,-9.48197630350478e-05,0.010826462414115667,0.016922211325436365
sub-109,EarlyVisual,Early visual,3885,0.05857672169804573,0.02336667850613594,0.04531921446323395,-0.002424348145723343,-0.0029694316908717155,0.06868589296936989,-0.0053937798365950584
sub-109,IntermediateVisual,Intermediate visual,377,0.051189057528972626,0.018680542707443237,0.02768842875957489,0.014119476079940796,-0.001757803256623447,0.04636897146701813,0.012361672823317349
sub-109,HighLevelVTC,HighLevelVTC,891,0.012212789617478848,-0.0003081398317590356,0.0008535038796253502,0.02320185862481594,-0.0028192067984491587,0.0005453640478663146,0.020382651826366782
sub-112,EarlyVisual,Early visual,3887,0.05231022089719772,0.017422499135136604,0.03556263446807861,0.0025287128519266844,0.0021772002801299095,0.05298513360321522,0.004705913132056594
sub-112,IntermediateVisual,Intermediate visual,377,0.06422287970781326,0.016680561006069183,0.017910422757267952,0.0025956248864531517,0.032402560114860535,0.034590983763337135,0.034998185001313686
sub-112,HighLevelVTC,HighLevelVTC,892,0.0005639250157400966,-0.0028920392505824566,-0.005307476501911879,0.004245676100254059,0.012613916769623756,-0.008199515752494335,0.016859592869877815
sub-115,EarlyVisual,Early visual,3886,0.0348706878721714,0.03656014800071716,0.007276342250406742,-0.00041984161362051964,-0.0026304973289370537,0.043836490251123905,-0.0030503389425575733
sub-115,IntermediateVisual,Intermediate visual,377,0.014825732447206974,0.024813391268253326,0.023614393547177315,-0.002173492917791009,-0.02773178741335869,0.04842778481543064,-0.029905280331149697
sub-115,HighLevelVTC,HighLevelVTC,892,0.0014910361496731639,0.02678920328617096,-0.0010496539762243629,-0.0050262161530554295,-0.013502655550837517,0.025739549309946597,-0.018528871703892946
sub-117,EarlyVisual,Early visual,3887,0.06148931756615639,0.01860155165195465,0.04696335643529892,0.0020761212799698114,0.00015341889229603112,0.06556490808725357,0.0022295401722658426
sub-117,IntermediateVisual,Intermediate visual,377,0.12393384426832199,0.030185643583536148,0.0764925554394722,0.01611005887389183,0.002961102407425642,0.10667819902300835,0.019071161281317472
sub-117,HighLevelVTC,HighLevelVTC,892,0.05128169432282448,0.016400448977947235,0.023047994822263718,0.011646915227174759,0.004074803553521633,0.03944844380021095,0.015721718780696392
sub-118,EarlyVisual,Early visual,3887,0.06311821192502975,0.03579844534397125,0.027032766491174698,0.0036434263456612825,0.0010046123061329126,0.06283121183514595,0.004648038651794195
sub-118,IntermediateVisual,Intermediate visual,377,0.0462416373193264,0.04174795001745224,0.006781881675124168,0.009235342964529991,-0.009949243627488613,0.04852983169257641,-0.000713900662958622
sub-118,HighLevelVTC,HighLevelVTC,892,0.004319697618484497,0.005000482313334942,0.0002673099806997925,0.011275019496679306,-0.0015966803766787052,0.005267792294034734,0.0096783391200006
sub-122,EarlyVisual,Early visual,3885,0.013452688232064247,0.024660712108016014,0.0007759280269965529,0.00451170839369297,-0.008671833202242851,0.025436640135012567,-0.004160124808549881
sub-122,IntermediateVisual,Intermediate visual,377,0.04512405768036842,0.004476548638194799,0.02372509241104126,0.013204634189605713,0.009970804676413536,0.02820164104923606,0.02317543886601925
sub-122,HighLevelVTC,HighLevelVTC,892,0.0044587114825844765,0.004229792393743992,0.004006002098321915,0.0006749647436663508,0.0023744411300867796,0.008235794492065907,0.0030494058737531304
sub-124,EarlyVisual,Early visual,3887,0.04421474039554596,0.015059957280755043,0.03767374902963638,0.0015778630040585995,-0.0029755355790257454,0.052733706310391426,-0.001397672574967146
sub-124,IntermediateVisual,Intermediate visual,377,0.0991419106721878,0.018987033516168594,0.04341508075594902,0.008407245390117168,0.03370567783713341,0.062402114272117615,0.042112923227250576
sub-124,HighLevelVTC,HighLevelVTC,892,0.02767338417470455,0.004057408310472965,0.012636725790798664,0.013917199335992336,0.005073688458651304,0.01669413410127163,0.01899088779464364
sub-125,EarlyVisual,Early visual,3886,0.06274768710136414,0.03713434562087059,0.03635243698954582,-0.007443828042596579,0.003424248658120632,0.07348678261041641,-0.004019579384475946
sub-125,IntermediateVisual,Intermediate visual,377,0.1071649044752121,0.01843537949025631,0.07301468402147293,0.020314153283834457,-0.002139412797987461,0.09145006351172924,0.018174740485846996
sub-125,HighLevelVTC,HighLevelVTC,892,0.029889453202486038,0.002581725362688303,0.02105853147804737,0.008189888671040535,0.0044063543900847435,0.023640256840735674,0.012596243061125278
sub-126,EarlyVisual,Early visual,3887,0.027944713830947876,0.028371909633278847,0.008084878325462341,-0.004416969139128923,0.0033097274135798216,0.03645678795874119,-0.0011072417255491018
sub-126,IntermediateVisual,Intermediate visual,377,0.02654258720576763,0.022410091012716293,0.00955695379525423,0.0025144037790596485,-0.002425764687359333,0.031967044807970524,8.863909170031548e-05
sub-126,HighLevelVTC,HighLevelVTC,892,0.00761367054656148,0.004802352283149958,0.005516289733350277,0.007748897653073072,-0.0003603475051932037,0.010318642016500235,0.007388550147879869
sub-129,EarlyVisual,Early visual,3887,0.045928649604320526,0.01571301557123661,0.04047127068042755,0.00040432356763631105,-0.004892717581242323,0.05618428625166416,-0.004488394013606012
sub-129,IntermediateVisual,Intermediate visual,377,0.02141784504055977,0.025993574410676956,0.02759571000933647,0.00344333634711802,-0.03080572374165058,0.05358928442001343,-0.02736238739453256
sub-129,HighLevelVTC,HighLevelVTC,892,0.0038897318299859762,0.007471875753253698,0.010306729935109615,0.011396868154406548,-0.017505569383502007,0.017778605688363314,-0.006108701229095459
sub-132,EarlyVisual,Early visual,3887,0.08388897031545639,0.03722503408789635,0.049612466245889664,0.004387015476822853,-0.00399542273953557,0.08683750033378601,0.00039159273728728294
sub-132,IntermediateVisual,Intermediate visual,377,0.1154114380478859,0.036086488515138626,0.06806593388319016,0.0024454134982079268,0.010852265171706676,0.10415242239832878,0.013297678669914603
sub-132,HighLevelVTC,HighLevelVTC,892,0.02974511869251728,0.014772096648812294,0.016956571489572525,0.007237982004880905,-0.00319428532384336,0.03172866813838482,0.004043696681037545
sub-134,EarlyVisual,Early visual,3887,0.061094608157873154,0.03164742887020111,0.04838518425822258,-0.0013410316314548254,-0.010783268138766289,0.08003261312842369,-0.012124299770221114
sub-134,IntermediateVisual,Intermediate visual,377,0.06222452223300934,0.02854650281369686,0.029568864032626152,0.011761358007788658,-0.00409720977768302,0.05811536684632301,0.0076641482301056385
sub-134,HighLevelVTC,HighLevelVTC,891,0.024900207296013832,0.0050597903318703175,0.008359281346201897,0.018088510259985924,0.0008185601327568293,0.013419071678072214,0.018907070392742753
sub-137,EarlyVisual,Early visual,3886,0.03832772374153137,0.007557868026196957,0.03936769813299179,-0.0030731793958693743,0.0022819668520241976,0.04692556615918875,-0.0007912125438451767
sub-137,IntermediateVisual,Intermediate visual,377,0.08198560774326324,0.003775116056203842,0.09038390219211578,0.005766006652265787,-0.013577037490904331,0.09415901824831963,-0.007811030838638544
sub-137,HighLevelVTC,HighLevelVTC,892,0.010235972702503204,-0.0005722420173697174,0.011998739093542099,0.008154613897204399,-0.0024395815562456846,0.011426497076172382,0.0057150323409587145
sub-139,EarlyVisual,Early visual,3887,0.024981943890452385,0.003870488377287984,0.01253219973295927,-0.0012572327395901084,0.01632528379559517,0.016402688110247254,0.01506805105600506
sub-139,IntermediateVisual,Intermediate visual,377,-0.0038300787564367056,0.0037664014380425215,0.0019162532407790422,-0.019525853917002678,0.018325719982385635,0.005682654678821564,-0.0012001339346170425
sub-139,HighLevelVTC,HighLevelVTC,892,0.0012512755347415805,-0.006554922088980675,0.01539516169577837,7.69873513490893e-05,0.0012974276905879378,0.008840239606797695,0.0013744150419370271
sub-140,EarlyVisual,Early visual,3887,0.05199958384037018,0.0250282920897007,0.04017454758286476,5.9397447330411524e-05,-0.005560765974223614,0.06520283967256546,-0.005501368526893202
sub-140,IntermediateVisual,Intermediate visual,377,0.10054279118776321,0.024309378117322922,0.08128282427787781,0.01396886631846428,-0.014873446896672249,0.10559220239520073,-0.0009045805782079697
sub-140,HighLevelVTC,HighLevelVTC,892,0.02456549182534218,0.009547281078994274,0.016921978443861008,0.008248868398368359,-0.0031862130854278803,0.026469259522855282,0.005062655312940478
sub-141,EarlyVisual,Early visual,3887,0.07950711250305176,0.03302805870771408,0.0592731274664402,-0.004369869828224182,-0.003323723329231143,0.09230118617415428,-0.007693593157455325
sub-141,IntermediateVisual,Intermediate visual,377,0.028100354596972466,0.035846907645463943,0.021724971011281013,0.0009798521641641855,-0.028695372864603996,0.05757187865674496,-0.02771552070043981
sub-141,HighLevelVTC,HighLevelVTC,892,0.01810932345688343,0.012860853224992752,0.01626843772828579,0.006479779724031687,-0.011628820560872555,0.02912929095327854,-0.005149040836840868
sub-143,EarlyVisual,Early visual,3887,0.06038058549165726,0.022905543446540833,0.0401490181684494,-0.0020323072094470263,0.004440282937139273,0.06305456161499023,0.0024079757276922464
sub-143,IntermediateVisual,Intermediate visual,377,0.03660312294960022,0.0457296185195446,0.024950500577688217,-0.0023970231413841248,-0.026890605688095093,0.07068011909723282,-0.029287628829479218
sub-143,HighLevelVTC,HighLevelVTC,891,0.013751078397035599,0.014968096278607845,0.00954789761453867,0.004943005740642548,-0.009767008014023304,0.024515993893146515,-0.004824002273380756
sub-144,EarlyVisual,Early visual,3886,0.031190507113933563,0.004890496842563152,0.03351372107863426,-0.001726234913803637,0.0013594364281743765,0.038404217921197414,-0.00036679848562926054
sub-144,IntermediateVisual,Intermediate visual,377,0.05307589843869209,0.01376289501786232,0.006130340043455362,0.03560066595673561,0.004322817083448172,0.019893235061317682,0.03992348304018378
sub-144,HighLevelVTC,HighLevelVTC,892,0.013571440242230892,-1.3803954743707436e-06,0.003962491173297167,0.013856750912964344,0.005258835852146149,0.003961110777822796,0.019115586765110493
sub-145,EarlyVisual,Early visual,3886,0.012776755727827549,0.012279009446501732,0.007812854833900928,-0.0020529550965875387,0.002880023792386055,0.02009186428040266,0.0008270686957985163
sub-145,IntermediateVisual,Intermediate visual,377,0.03995945677161217,0.029789717867970467,0.016386955976486206,9.237866470357403e-05,-0.003325807396322489,0.04617667384445667,-0.0032334287316189148
sub-145,HighLevelVTC,HighLevelVTC,892,0.014624210074543953,0.006764478050172329,0.011744998395442963,0.00231148861348629,0.0008905199938453734,0.01850947644561529,0.0032020086073316634
sub-146,EarlyVisual,Early visual,3887,0.04870489984750748,0.03730680048465729,0.03824925795197487,-0.0014052580809220672,-0.019818663597106934,0.07555605843663216,-0.021223921678029
sub-146,IntermediateVisual,Intermediate visual,377,0.1166406124830246,0.05691548436880112,0.030279988422989845,0.03859040513634682,-0.00642027985304594,0.08719547279179096,0.03217012528330088
sub-146,HighLevelVTC,HighLevelVTC,892,0.015116484835743904,0.020567765459418297,-0.013347667641937733,0.016127631068229675,-0.0012087399372830987,0.007220097817480564,0.014918891130946577
sub-149,EarlyVisual,Early visual,3886,0.03634411096572876,0.02576756291091442,0.019571108743548393,0.00142709631472826,-0.0029419660568237305,0.045338671654462814,-0.0015148697420954704
sub-149,IntermediateVisual,Intermediate visual,377,0.16046036779880524,0.1220996156334877,0.018213540315628052,0.018770677968859673,0.003471730276942253,0.14031315594911575,0.022242408245801926
sub-149,HighLevelVTC,HighLevelVTC,892,0.029334675520658493,0.024629538878798485,0.008095270954072475,0.0051224371418356895,-0.002125656232237816,0.03272480983287096,0.0029967809095978737
sub-150,EarlyVisual,Early visual,3887,0.05708182603120804,0.01953113079071045,0.041294969618320465,-0.00028485237271524966,0.002792434999719262,0.060826100409030914,0.0025075826270040125
sub-150,IntermediateVisual,Intermediate visual,377,0.07473662495613098,0.04207713156938553,0.029651809483766556,0.009546107612550259,-0.0006245814147405326,0.07172894105315208,0.008921526197809726
sub-150,HighLevelVTC,HighLevelVTC,892,0.029159551486372948,0.017302025109529495,0.010801768861711025,0.009739348664879799,-0.0008110989583656192,0.02810379397124052,0.00892824970651418
sub-151,EarlyVisual,Early visual,3887,0.056290023028850555,0.021797487512230873,0.027270646765828133,0.009224772453308105,0.0035933132749050856,0.049068134278059006,0.012818085728213191
sub-151,IntermediateVisual,Intermediate visual,377,0.0606950968503952,0.0182358231395483,0.027513721957802773,0.017352519556879997,0.0006325313006527722,0.045749545097351074,0.01798505085753277
sub-151,HighLevelVTC,HighLevelVTC,892,0.05231570452451706,0.015321671031415462,0.017867418006062508,0.018022114410996437,0.005407677963376045,0.03318908903747797,0.023429792374372482
