model_rdm_type,rsa_method,token_mode,layer_index_in_analysis,layer_name,n_features,feature_rdm_metric,rsa_r,parametric_r_check,parametric_p_reference_only,perm_p_unc_one_sided_positive,q_fdr_across_layers,perm_p_maxstat_fwe,null_mean_layer,null_sd_layer,valid_layer
ordinal,spearman,cls,0,layer_01_transformer,768,correlation,0.0722387973728662,0.07223879737286622,1.0439477626915856e-06,0.0007999200079992001,0.0007999200079992001,0.0053994600539946005,0.0001423077774234116,0.01480969600379467,True
ordinal,spearman,cls,1,layer_02_transformer,768,correlation,0.14294131795233786,0.1429413179523379,3.023611405154792e-22,9.999000099990002e-05,0.00010832250108322503,0.00019998000199980003,0.0001661698188399896,0.014706204645335674,True
ordinal,spearman,cls,2,layer_03_transformer,768,correlation,0.19689383699776716,0.19689383699776716,4.3885595757361286e-41,9.999000099990002e-05,0.00010832250108322503,9.999000099990002e-05,0.00011056039511458948,0.014772255904972553,True
ordinal,spearman,cls,3,layer_04_transformer,768,correlation,0.17604021719030433,0.17604021719030438,4.633713464818255e-33,9.999000099990002e-05,0.00010832250108322503,9.999000099990002e-05,-9.373696229886264e-05,0.014779923483729362,True
ordinal,spearman,cls,4,layer_05_transformer,768,correlation,0.19650090739677137,0.19650090739677137,6.343524746310802e-41,9.999000099990002e-05,0.00010832250108322503,9.999000099990002e-05,-6.61460289848037e-05,0.014663686975836754,True
ordinal,spearman,cls,5,layer_06_transformer,768,correlation,0.17334173618702528,0.1733417361870253,4.3158189008692055e-32,9.999000099990002e-05,0.00010832250108322503,9.999000099990002e-05,2.6620820790412836e-05,0.014720373786985874,True
ordinal,spearman,cls,6,layer_07_transformer,768,correlation,0.14893721494852338,0.14893721494852344,4.933690055243868e-24,9.999000099990002e-05,0.00010832250108322503,9.999000099990002e-05,3.864014070131816e-05,0.014710662886500359,True
ordinal,spearman,cls,7,layer_08_transformer,768,correlation,0.17187371181832978,0.17187371181832978,1.4312039639657736e-31,9.999000099990002e-05,0.00010832250108322503,9.999000099990002e-05,-6.230374128790572e-05,0.01456020399928093,True
ordinal,spearman,cls,8,layer_09_transformer,768,correlation,0.2319578432686073,0.23195784326860736,9.245793787029657e-57,9.999000099990002e-05,0.00010832250108322503,9.999000099990002e-05,-8.7085718405433e-05,0.014628913253545761,True
ordinal,spearman,cls,9,layer_10_transformer,768,correlation,0.32386979242178743,0.3238697924217875,7.688996836723362e-112,9.999000099990002e-05,0.00010832250108322503,9.999000099990002e-05,-0.00010342781752115116,0.014730991795659065,True
ordinal,spearman,cls,10,layer_11_transformer,768,correlation,0.6160736369148138,0.6160736369148139,0.0,9.999000099990002e-05,0.00010832250108322503,9.999000099990002e-05,-0.00013936887262389064,0.014574047178030014,True
ordinal,spearman,cls,11,layer_12_transformer,768,correlation,0.5781004743187396,0.5781004743187396,0.0,9.999000099990002e-05,0.00010832250108322503,9.999000099990002e-05,1.8511573216528632e-05,0.014650620520114899,True
ordinal,spearman,cls,12,layer_13_projected_embedding,512,correlation,0.580081306287363,0.5800813062873631,0.0,9.999000099990002e-05,0.00010832250108322503,9.999000099990002e-05,-3.746308357222006e-05,0.014686672016978264,True
ordinal,spearman,mean_patch,0,layer_00_embedding,768,correlation,0.048512351528405336,0.04851235152840535,0.0010493038027462747,0.009599040095990401,0.009599040095990401,0.042495750424957505,0.00017460531671531498,0.014909094199538231,True
ordinal,spearman,mean_patch,1,layer_01_transformer,768,correlation,0.1915291599957455,0.19152915999574552,6.272781600090937e-39,9.999000099990002e-05,0.00011665500116655001,9.999000099990002e-05,0.0001628820173209533,0.014753995463252068,True
ordinal,spearman,mean_patch,2,layer_02_transformer,768,correlation,0.1503362517132106,0.15033625171321063,1.8420000432096562e-24,9.999000099990002e-05,0.00011665500116655001,9.999000099990002e-05,0.00020413377205841243,0.014922468923032284,True
ordinal,spearman,mean_patch,3,layer_03_transformer,768,correlation,0.15783254105471786,0.15783254105471786,7.987866078865022e-27,9.999000099990002e-05,0.00011665500116655001,9.999000099990002e-05,0.00016217083611991256,0.015039638616144657,True
ordinal,spearman,mean_patch,4,layer_04_transformer,768,correlation,0.12294341968241829,0.12294341968241834,7.986338553993458e-17,0.00019998000199980003,0.0002153630790767077,0.00039996000399960006,0.0001467450347263366,0.015207898803055286,True
ordinal,spearman,mean_patch,5,layer_05_transformer,768,correlation,0.16969087878455621,0.16969087878455621,8.342271805342176e-31,9.999000099990002e-05,0.00011665500116655001,9.999000099990002e-05,4.4110372982686386e-05,0.015095519833266735,True
ordinal,spearman,mean_patch,6,layer_06_transformer,768,correlation,0.18899419418894742,0.18899419418894742,6.219742599924075e-38,9.999000099990002e-05,0.00011665500116655001,9.999000099990002e-05,-7.856487354729325e-05,0.014957500621676445,True
ordinal,spearman,mean_patch,7,layer_07_transformer,768,correlation,0.2434204886129999,0.24342048861299992,1.6932368527417182e-62,9.999000099990002e-05,0.00011665500116655001,9.999000099990002e-05,-8.400297519983724e-05,0.014908166602253914,True
ordinal,spearman,mean_patch,8,layer_08_transformer,768,correlation,0.31282512901708515,0.3128251290170852,4.427342125415551e-104,9.999000099990002e-05,0.00011665500116655001,9.999000099990002e-05,2.2999340217211284e-05,0.014938481152057648,True
ordinal,spearman,mean_patch,9,layer_09_transformer,768,correlation,0.3859264765178141,0.3859264765178142,7.338508258851948e-162,9.999000099990002e-05,0.00011665500116655001,9.999000099990002e-05,-9.243023669114336e-06,0.014938064850866795,True
ordinal,spearman,mean_patch,10,layer_10_transformer,768,correlation,0.572327972182335,0.5723279721823351,0.0,9.999000099990002e-05,0.00011665500116655001,9.999000099990002e-05,-2.7057296392740682e-05,0.014641346409916878,True
ordinal,spearman,mean_patch,11,layer_11_transformer,768,correlation,0.5420711368844006,0.5420711368844006,0.0,9.999000099990002e-05,0.00011665500116655001,9.999000099990002e-05,-4.9418533308198676e-05,0.01451818086206913,True
ordinal,spearman,mean_patch,12,layer_12_transformer,768,correlation,0.4899813927523514,0.4899813927523516,4.46411914069836e-274,9.999000099990002e-05,0.00011665500116655001,9.999000099990002e-05,2.389870314800646e-05,0.01469079963862896,True
ordinal,spearman,mean_patch,13,layer_13_projected_embedding,512,correlation,0.580081306287363,0.5800813062873631,0.0,9.999000099990002e-05,0.00011665500116655001,9.999000099990002e-05,-3.746308357222006e-05,0.014686672016978264,True
binary,pearson,cls,0,layer_01_transformer,768,correlation,0.07538196182819855,0.07538196182819853,3.4647993194593906e-07,0.0006999300069993001,0.0006999300069993001,0.004299570042995701,0.00015040997823234648,0.014905208721756935,True
binary,pearson,cls,1,layer_02_transformer,768,correlation,0.11506047968330087,0.11506047968330085,6.515589265689648e-15,9.999000099990002e-05,0.00010832250108322503,0.00029997000299970003,0.0002023654233198613,0.014768032357096672,True
binary,pearson,cls,2,layer_03_transformer,768,correlation,0.15879506532687146,0.15879506532687143,3.894395387445541e-27,9.999000099990002e-05,0.00010832250108322503,9.999000099990002e-05,0.0001334025146206841,0.014834301546216011,True
binary,pearson,cls,3,layer_04_transformer,768,correlation,0.15969793755258324,0.1596979375525832,1.976970013493013e-27,9.999000099990002e-05,0.00010832250108322503,9.999000099990002e-05,-5.3644453146262094e-05,0.014851372689008713,True
binary,pearson,cls,4,layer_05_transformer,768,correlation,0.18805388926129588,0.1880538892612958,1.444616880551691e-37,9.999000099990002e-05,0.00010832250108322503,9.999000099990002e-05,-7.368694059550762e-05,0.014779336750507355,True
binary,pearson,cls,5,layer_06_transformer,768,correlation,0.1658259959018208,0.1658259959018208,1.7855098411245137e-29,9.999000099990002e-05,0.00010832250108322503,9.999000099990002e-05,4.031920525449095e-06,0.014802670106291771,True
binary,pearson,cls,6,layer_07_transformer,768,correlation,0.14536691434160406,0.14536691434160404,5.841428257824284e-23,9.999000099990002e-05,0.00010832250108322503,9.999000099990002e-05,5.0492559239501134e-05,0.0147732337936759,True
binary,pearson,cls,7,layer_08_transformer,768,correlation,0.16608243072406595,0.1660824307240659,1.460409379678899e-29,9.999000099990002e-05,0.00010832250108322503,9.999000099990002e-05,1.2198633157822769e-05,0.014628462493419647,True
binary,pearson,cls,8,layer_09_transformer,768,correlation,0.22896704302929885,0.22896704302929882,2.5851474633790672e-55,9.999000099990002e-05,0.00010832250108322503,9.999000099990002e-05,-5.4461728723254055e-05,0.01467233244329691,True
binary,pearson,cls,9,layer_10_transformer,768,correlation,0.31389405434112466,0.3138940543411246,8.117387965319651e-105,9.999000099990002e-05,0.00010832250108322503,9.999000099990002e-05,1.7608332200325094e-05,0.014776475727558136,True
binary,pearson,cls,10,layer_11_transformer,768,correlation,0.5359229855014006,0.5359229855014006,0.0,9.999000099990002e-05,0.00010832250108322503,9.999000099990002e-05,-4.67738245788496e-05,0.01463432889431715,True
binary,pearson,cls,11,layer_12_transformer,768,correlation,0.5047610466155706,0.5047610466155705,1.9980754214110854e-293,9.999000099990002e-05,0.00010832250108322503,9.999000099990002e-05,8.566664473619312e-05,0.014720783568918705,True
binary,pearson,cls,12,layer_13_projected_embedding,512,correlation,0.5116473642152908,0.5116473642152908,9.009241140418161e-303,9.999000099990002e-05,0.00010832250108322503,9.999000099990002e-05,4.131614332436584e-05,0.014757824130356312,True
binary,pearson,mean_patch,0,layer_00_embedding,768,correlation,0.04251683583703294,0.04251683583703294,0.00408427317004166,0.018598140185981403,0.018598140185981403,0.07269273072692731,0.0001956914202310145,0.015031177550554276,True
binary,pearson,mean_patch,1,layer_01_transformer,768,correlation,0.15668523412500848,0.15668523412500848,1.8696238619475558e-26,9.999000099990002e-05,0.00011665500116655001,9.999000099990002e-05,0.00015985478239599615,0.014882044866681099,True
binary,pearson,mean_patch,2,layer_02_transformer,768,correlation,0.1282642686312575,0.1282642686312575,3.469481177957734e-18,9.999000099990002e-05,0.00011665500116655001,0.00039996000399960006,0.00020964448049198836,0.015018461272120476,True
binary,pearson,mean_patch,3,layer_03_transformer,768,correlation,0.13677101890240442,0.1367710189024044,1.7442491583361278e-20,9.999000099990002e-05,0.00011665500116655001,0.00029997000299970003,0.0001556003262521699,0.015102521516382694,True
binary,pearson,mean_patch,4,layer_04_transformer,768,correlation,0.11310884862390237,0.11310884862390236,1.8522735937251087e-14,0.00029997000299970003,0.0003230446186150616,0.0004999500049995,0.00011611235095188022,0.015140587463974953,True
binary,pearson,mean_patch,5,layer_05_transformer,768,correlation,0.16135231432311523,0.1613523143231152,5.649300362607522e-28,9.999000099990002e-05,0.00011665500116655001,9.999000099990002e-05,4.808061203220859e-05,0.015101570636034012,True
binary,pearson,mean_patch,6,layer_06_transformer,768,correlation,0.17442442021961038,0.17442442021961033,1.7705725537310212e-32,9.999000099990002e-05,0.00011665500116655001,9.999000099990002e-05,-8.909009193303064e-05,0.014984182082116604,True
binary,pearson,mean_patch,7,layer_07_transformer,768,correlation,0.22355260642638566,0.22355260642638564,9.521376509853667e-53,9.999000099990002e-05,0.00011665500116655001,9.999000099990002e-05,-8.065063593676314e-05,0.014931027777493,True
binary,pearson,mean_patch,8,layer_08_transformer,768,correlation,0.2865555487659744,0.2865555487659743,6.452453908105544e-87,9.999000099990002e-05,0.00011665500116655001,9.999000099990002e-05,3.691951496875845e-05,0.014938964508473873,True
binary,pearson,mean_patch,9,layer_09_transformer,768,correlation,0.350421754145411,0.3504217541454109,7.148350618070644e-132,9.999000099990002e-05,0.00011665500116655001,9.999000099990002e-05,2.014191704802215e-05,0.014982417225837708,True
binary,pearson,mean_patch,10,layer_10_transformer,768,correlation,0.4940873224538365,0.49408732245383635,2.341519584664509e-279,9.999000099990002e-05,0.00011665500116655001,9.999000099990002e-05,1.8698307030717842e-05,0.01483241468667984,True
binary,pearson,mean_patch,11,layer_11_transformer,768,correlation,0.45938379017817516,0.4593837901781751,6.404797351805676e-237,9.999000099990002e-05,0.00011665500116655001,9.999000099990002e-05,-5.657303518091794e-06,0.014719707891345024,True
binary,pearson,mean_patch,12,layer_12_transformer,768,correlation,0.43369834922517675,0.43369834922517664,1.578420553147428e-208,9.999000099990002e-05,0.00011665500116655001,9.999000099990002e-05,7.035646558506414e-05,0.014784220606088638,True
binary,pearson,mean_patch,13,layer_13_projected_embedding,512,correlation,0.5116473642152908,0.5116473642152908,9.009241140418161e-303,9.999000099990002e-05,0.00011665500116655001,9.999000099990002e-05,4.131614332436584e-05,0.014757824130356312,True
