index,condition,processing_level_0_3,processed_binary,binary_label
0,Almonds,1,0,unprocessed/minimal
1,Apple,0,0,unprocessed/minimal
2,Apricot,0,0,unprocessed/minimal
3,Asparagus_green,0,0,unprocessed/minimal
4,Aubergine,0,0,unprocessed/minimal
5,Avocado,0,0,unprocessed/minimal
6,Bacon,3,1,processed/prepared
7,Baguette,2,1,processed/prepared
8,Banana,0,0,unprocessed/minimal
9,Beetroot,0,0,unprocessed/minimal
10,Berliner,3,1,processed/prepared
11,Bitterballs,3,1,processed/prepared
12,Blackberries,0,0,unprocessed/minimal
13,Blue_cheese,2,1,processed/prepared
14,Bonbon,3,1,processed/prepared
15,Brie,2,1,processed/prepared
16,Broccoli,0,0,unprocessed/minimal
17,Brownie,3,1,processed/prepared
18,Brussels_sprout,0,0,unprocessed/minimal
19,Butter_biscuit,3,1,processed/prepared
20,Cake,3,1,processed/prepared
21,Candies,3,1,processed/prepared
22,Carrot,0,0,unprocessed/minimal
23,Cauliflower,0,0,unprocessed/minimal
24,Cheesecake,3,1,processed/prepared
25,Cheese_souffle,3,1,processed/prepared
26,Cherries,0,0,unprocessed/minimal
27,Cherry_tomatoes,0,0,unprocessed/minimal
28,Chickpeas,1,0,unprocessed/minimal
29,Chocolate_bar,3,1,processed/prepared
30,Chocolate_cake,3,1,processed/prepared
31,Choco_cone,3,1,processed/prepared
32,Choco_cookies,3,1,processed/prepared
33,Choco_lava_cake,3,1,processed/prepared
34,Coconut,0,0,unprocessed/minimal
35,Codfish,1,0,unprocessed/minimal
36,Corn,0,0,unprocessed/minimal
37,Cream_cake,3,1,processed/prepared
38,Crisps,3,1,processed/prepared
39,Croissant,3,1,processed/prepared
40,Cucumber,0,0,unprocessed/minimal
41,Currant,0,0,unprocessed/minimal
42,Donut,3,1,processed/prepared
43,Figs,0,0,unprocessed/minimal
44,Fried_egg,2,1,processed/prepared
45,Fries,3,1,processed/prepared
46,Grape_red,0,0,unprocessed/minimal
47,Grape_white,0,0,unprocessed/minimal
48,Ham,3,1,processed/prepared
49,Hamburger,3,1,processed/prepared
50,Herring,1,0,unprocessed/minimal
51,Honey_melon,0,0,unprocessed/minimal
52,Hotdog,3,1,processed/prepared
53,Kiwi,0,0,unprocessed/minimal
54,Lasagna,3,1,processed/prepared
55,Lettuce,0,0,unprocessed/minimal
56,Magnum,3,1,processed/prepared
57,Mandarin,0,0,unprocessed/minimal
58,Mango,0,0,unprocessed/minimal
59,Mars,3,1,processed/prepared
60,Melon,0,0,unprocessed/minimal
61,MMs,3,1,processed/prepared
62,Muesli_bar,3,1,processed/prepared
63,Mushrooms,0,0,unprocessed/minimal
64,Mussles,1,0,unprocessed/minimal
65,Nutella_sandwich,3,1,processed/prepared
66,Olives,2,1,processed/prepared
67,Orange,0,0,unprocessed/minimal
68,Oyster,1,0,unprocessed/minimal
69,Papaya,0,0,unprocessed/minimal
70,Pasta_pomodoro,2,1,processed/prepared
71,Pear,0,0,unprocessed/minimal
72,Pees,0,0,unprocessed/minimal
73,Pepper_red,0,0,unprocessed/minimal
74,Pineapple,0,0,unprocessed/minimal
75,Pizza,3,1,processed/prepared
76,Pomegranate,0,0,unprocessed/minimal
77,Popcorn,2,1,processed/prepared
78,Pound_cake,3,1,processed/prepared
79,Radicchio,0,0,unprocessed/minimal
80,Radish,0,0,unprocessed/minimal
81,Raspberries,0,0,unprocessed/minimal
82,Ribs,2,1,processed/prepared
83,Rice_waffle,2,1,processed/prepared
84,Roasted_potatoes,2,1,processed/prepared
85,Salami,3,1,processed/prepared
86,Smoked_sausage,3,1,processed/prepared
87,Strawberries,0,0,unprocessed/minimal
88,Sushi,2,1,processed/prepared
89,Tiramisu,3,1,processed/prepared
90,Tompoes,3,1,processed/prepared
91,Tuna,1,0,unprocessed/minimal
92,Vanilla_icecream,3,1,processed/prepared
93,Waffle,3,1,processed/prepared
94,Watermelon,0,0,unprocessed/minimal
95,Zucchini,0,0,unprocessed/minimal
