category,local_path,discovery_file_id,dataverse_path,filesize_bytes,checksum_type,checksum_value
glmsingle,data/glmsingle/sub-104/betas_trials.npy,667745,derivatives/glmsingle_output/sub-104/betas_trials.npy,487372160,SHA-1,476b716728501c2895c3ecc538b641a588cfe0e1
glmsingle,data/glmsingle/sub-104/stimorder.npy,667750,derivatives/glmsingle_output/sub-104/stimorder.npy,10880,SHA-1,c6f1caebe7b33849d0e2db1561b3e8b9f340a2bf
glmsingle,data/glmsingle/sub-104/good_grayordinates_mask.npy,667747,derivatives/glmsingle_output/sub-104/good_grayordinates_mask.npy,91410,SHA-1,26b1aa8caad8de83953dbc839f6a650a5d4f9186
glmsingle,data/glmsingle/sub-105/betas_trials.npy,667753,derivatives/glmsingle_output/sub-105/betas_trials.npy,487409792,SHA-1,89ee386bd84e0bddf05b85f9980a8178cf7188f0
glmsingle,data/glmsingle/sub-105/stimorder.npy,667759,derivatives/glmsingle_output/sub-105/stimorder.npy,10880,SHA-1,4ac9e8294c20ea3b87b39511a89f99aacadace93
glmsingle,data/glmsingle/sub-105/good_grayordinates_mask.npy,667756,derivatives/glmsingle_output/sub-105/good_grayordinates_mask.npy,91410,SHA-1,86534136d791f4404d2c7a31cfcdd6c10b1b5e6f
glmsingle,data/glmsingle/sub-109/betas_trials.npy,667762,derivatives/glmsingle_output/sub-109/betas_trials.npy,488028032,SHA-1,ec7390f61e7752694036709b4205f1fbf30a8914
glmsingle,data/glmsingle/sub-109/stimorder.npy,667767,derivatives/glmsingle_output/sub-109/stimorder.npy,10880,SHA-1,63ae1db1af1f2a1ca4edd4939bc48b494004e864
glmsingle,data/glmsingle/sub-109/good_grayordinates_mask.npy,667764,derivatives/glmsingle_output/sub-109/good_grayordinates_mask.npy,91410,SHA-1,f8c5e69aec95a503e95ff826e9b9d031dd24fdd0
glmsingle,data/glmsingle/sub-112/betas_trials.npy,667770,derivatives/glmsingle_output/sub-112/betas_trials.npy,487753856,SHA-1,560b04c571f36868f3666af0bd39d1ff03f09e53
glmsingle,data/glmsingle/sub-112/stimorder.npy,667775,derivatives/glmsingle_output/sub-112/stimorder.npy,10880,SHA-1,3b640ff7f283a19ab057c69f86012ebcda289bdd
glmsingle,data/glmsingle/sub-112/good_grayordinates_mask.npy,667772,derivatives/glmsingle_output/sub-112/good_grayordinates_mask.npy,91410,SHA-1,eb74a52bf70b0a30df6f115150edf48f17c4412c
glmsingle,data/glmsingle/sub-115/betas_trials.npy,667778,derivatives/glmsingle_output/sub-115/betas_trials.npy,487506560,SHA-1,414390da8bdbb8fdcd85573108370e2e19d8964c
glmsingle,data/glmsingle/sub-115/stimorder.npy,667783,derivatives/glmsingle_output/sub-115/stimorder.npy,10880,SHA-1,aa0edd4a4d9aa5d5bdf6301583c421db1f356793
glmsingle,data/glmsingle/sub-115/good_grayordinates_mask.npy,667780,derivatives/glmsingle_output/sub-115/good_grayordinates_mask.npy,91410,SHA-1,723f3dca869caa1dbe3bd41d4cd65ec2703f74db
glmsingle,data/glmsingle/sub-117/betas_trials.npy,667786,derivatives/glmsingle_output/sub-117/betas_trials.npy,487313024,SHA-1,c2d4b4a916caca4f0c9593920a28142c421da9ae
glmsingle,data/glmsingle/sub-117/stimorder.npy,667791,derivatives/glmsingle_output/sub-117/stimorder.npy,10880,SHA-1,02fcfe1d6b0f5751237ebdd5a85f3a5638ff8ac3
glmsingle,data/glmsingle/sub-117/good_grayordinates_mask.npy,667788,derivatives/glmsingle_output/sub-117/good_grayordinates_mask.npy,91410,SHA-1,673e8ff83578673399b1c62d5aa242ce216d2b76
glmsingle,data/glmsingle/sub-118/betas_trials.npy,667794,derivatives/glmsingle_output/sub-118/betas_trials.npy,487329152,SHA-1,3cf1bdd52294274affaea6089a3f8716b0276375
glmsingle,data/glmsingle/sub-118/stimorder.npy,667799,derivatives/glmsingle_output/sub-118/stimorder.npy,10880,SHA-1,9f583b5351fcb354c3b4dd5f5115882cea0355c4
glmsingle,data/glmsingle/sub-118/good_grayordinates_mask.npy,667796,derivatives/glmsingle_output/sub-118/good_grayordinates_mask.npy,91410,SHA-1,1058d6759ae909e2121a763f40092e648603b3bd
glmsingle,data/glmsingle/sub-122/betas_trials.npy,667802,derivatives/glmsingle_output/sub-122/betas_trials.npy,487920512,SHA-1,242efe2cf97dc2946005ed55418a3c61f545f51e
glmsingle,data/glmsingle/sub-122/stimorder.npy,667807,derivatives/glmsingle_output/sub-122/stimorder.npy,10880,SHA-1,cdf2aef1e7a50ad930e6ab3895660e071b8241ba
glmsingle,data/glmsingle/sub-122/good_grayordinates_mask.npy,667804,derivatives/glmsingle_output/sub-122/good_grayordinates_mask.npy,91410,SHA-1,3b43e6469a98a892cc25168b9f8fc2a136be3e24
glmsingle,data/glmsingle/sub-124/betas_trials.npy,667810,derivatives/glmsingle_output/sub-124/betas_trials.npy,488065664,SHA-1,c0e6c0c083550a2b70b4390c643e2ccd5427f4a7
glmsingle,data/glmsingle/sub-124/stimorder.npy,667815,derivatives/glmsingle_output/sub-124/stimorder.npy,10880,SHA-1,71d15b25a65d49a557dc740be40dd99d9abfcb17
glmsingle,data/glmsingle/sub-124/good_grayordinates_mask.npy,667812,derivatives/glmsingle_output/sub-124/good_grayordinates_mask.npy,91410,SHA-1,ffb8a0403b5b13283762247135208f1766be3519
glmsingle,data/glmsingle/sub-125/betas_trials.npy,667818,derivatives/glmsingle_output/sub-125/betas_trials.npy,487162496,SHA-1,d682baa84649815cac9afe6ba19515200d195797
glmsingle,data/glmsingle/sub-125/stimorder.npy,667823,derivatives/glmsingle_output/sub-125/stimorder.npy,10880,SHA-1,25c059c14947d1a586f71bfa3fd09d898adec115
glmsingle,data/glmsingle/sub-125/good_grayordinates_mask.npy,667820,derivatives/glmsingle_output/sub-125/good_grayordinates_mask.npy,91410,SHA-1,5401b549e07ef0f46319d44b45e7c1086b054af8
glmsingle,data/glmsingle/sub-126/betas_trials.npy,667826,derivatives/glmsingle_output/sub-126/betas_trials.npy,487264640,SHA-1,9d2cfd2eeeb56d33af07550f451e9b391bc25dba
glmsingle,data/glmsingle/sub-126/stimorder.npy,667831,derivatives/glmsingle_output/sub-126/stimorder.npy,10880,SHA-1,6a74ff6b62a265a372aba94b64daee3fea4d39fc
glmsingle,data/glmsingle/sub-126/good_grayordinates_mask.npy,667828,derivatives/glmsingle_output/sub-126/good_grayordinates_mask.npy,91410,SHA-1,38354f9b8e9cbf61d5aaf44e9ba2e9231697ce3a
glmsingle,data/glmsingle/sub-129/betas_trials.npy,667834,derivatives/glmsingle_output/sub-129/betas_trials.npy,452534912,SHA-1,1ab3abd257cbe19670427b77b6370748a95b0c52
glmsingle,data/glmsingle/sub-129/stimorder.npy,667841,derivatives/glmsingle_output/sub-129/stimorder.npy,10112,SHA-1,d6160c375c8a4b96a2067df528689b52e4a90f18
glmsingle,data/glmsingle/sub-129/good_grayordinates_mask.npy,667838,derivatives/glmsingle_output/sub-129/good_grayordinates_mask.npy,91410,SHA-1,28619e7d3a62a00a81cd480bba5927790fca6ace
glmsingle,data/glmsingle/sub-132/betas_trials.npy,667844,derivatives/glmsingle_output/sub-132/betas_trials.npy,487818368,SHA-1,8e2f26d4886a7c9d778dd81e2a004e351e670134
glmsingle,data/glmsingle/sub-132/stimorder.npy,667850,derivatives/glmsingle_output/sub-132/stimorder.npy,10880,SHA-1,3c1dbb774c67bbbb1b254d801221f592ce0b5bc0
glmsingle,data/glmsingle/sub-132/good_grayordinates_mask.npy,667847,derivatives/glmsingle_output/sub-132/good_grayordinates_mask.npy,91410,SHA-1,7ab6799415d40304bc25ddca5d12f529d4f1d67b
glmsingle,data/glmsingle/sub-134/betas_trials.npy,667853,derivatives/glmsingle_output/sub-134/betas_trials.npy,488108672,SHA-1,aec9c0a41336a34e733f50e9439cbd41d39f0371
glmsingle,data/glmsingle/sub-134/stimorder.npy,667859,derivatives/glmsingle_output/sub-134/stimorder.npy,10880,SHA-1,c196fed817ba5797497651d6aaabf92f32146362
glmsingle,data/glmsingle/sub-134/good_grayordinates_mask.npy,667856,derivatives/glmsingle_output/sub-134/good_grayordinates_mask.npy,91410,SHA-1,d2d0264a8f6af7f345861e7d4a5e5a7cf8f16ed2
glmsingle,data/glmsingle/sub-137/betas_trials.npy,667862,derivatives/glmsingle_output/sub-137/betas_trials.npy,487861376,SHA-1,d41ee46afed825952949a164432dcd25285df1ce
glmsingle,data/glmsingle/sub-137/stimorder.npy,667868,derivatives/glmsingle_output/sub-137/stimorder.npy,10880,SHA-1,1c3fad3a5c8e9f92108648505e31c6bbaf724c5f
glmsingle,data/glmsingle/sub-137/good_grayordinates_mask.npy,667865,derivatives/glmsingle_output/sub-137/good_grayordinates_mask.npy,91410,SHA-1,f515be837582d61503beb47024308a990981b1c7
glmsingle,data/glmsingle/sub-139/betas_trials.npy,667871,derivatives/glmsingle_output/sub-139/betas_trials.npy,417908864,SHA-1,5c2ef8bcf96ff5ca402e9237525b72a9d6868657
glmsingle,data/glmsingle/sub-139/stimorder.npy,667877,derivatives/glmsingle_output/sub-139/stimorder.npy,9344,SHA-1,9249ecdf3dfe1aa8eb43a8308c421ab737563cd3
glmsingle,data/glmsingle/sub-139/good_grayordinates_mask.npy,667874,derivatives/glmsingle_output/sub-139/good_grayordinates_mask.npy,91410,SHA-1,ba2238c69ff6cbb7061a620b3d12450a4d3dab6f
glmsingle,data/glmsingle/sub-140/betas_trials.npy,667880,derivatives/glmsingle_output/sub-140/betas_trials.npy,487710848,SHA-1,0a0971c768999eccdbd3ce65cf2335ab65f790c8
glmsingle,data/glmsingle/sub-140/stimorder.npy,667886,derivatives/glmsingle_output/sub-140/stimorder.npy,10880,SHA-1,d70dd5cce7bd133a492f44e04aefa690f1233d19
glmsingle,data/glmsingle/sub-140/good_grayordinates_mask.npy,667883,derivatives/glmsingle_output/sub-140/good_grayordinates_mask.npy,91410,SHA-1,07844be087521615ed1292e0cc52bbfbe26f984b
glmsingle,data/glmsingle/sub-141/betas_trials.npy,667889,derivatives/glmsingle_output/sub-141/betas_trials.npy,487458176,SHA-1,2f21e5c44f2a1f77d71e36f94cd82d1accbbcf87
glmsingle,data/glmsingle/sub-141/stimorder.npy,667895,derivatives/glmsingle_output/sub-141/stimorder.npy,10880,SHA-1,3a6d76b6cbc25554fa419e2681bc8e3f7f8b6e34
glmsingle,data/glmsingle/sub-141/good_grayordinates_mask.npy,667892,derivatives/glmsingle_output/sub-141/good_grayordinates_mask.npy,91410,SHA-1,1d5ef735a1545588d36caa74c93a3c4823076f96
glmsingle,data/glmsingle/sub-143/betas_trials.npy,667898,derivatives/glmsingle_output/sub-143/betas_trials.npy,452564864,SHA-1,47165c6eb220e9141f97de7f2a6d54aa73543c4a
glmsingle,data/glmsingle/sub-143/stimorder.npy,667904,derivatives/glmsingle_output/sub-143/stimorder.npy,10112,SHA-1,7e50aa9775ad5a0cbdd67eceb422a0b10982ddf9
glmsingle,data/glmsingle/sub-143/good_grayordinates_mask.npy,667901,derivatives/glmsingle_output/sub-143/good_grayordinates_mask.npy,91410,SHA-1,8c3a52166e1dcd9f578916abf28a3d25c2c39e2b
glmsingle,data/glmsingle/sub-144/betas_trials.npy,667907,derivatives/glmsingle_output/sub-144/betas_trials.npy,487678592,SHA-1,5260e5c37a448295da5b2e835b976f3ff8b9fd8b
glmsingle,data/glmsingle/sub-144/stimorder.npy,667913,derivatives/glmsingle_output/sub-144/stimorder.npy,10880,SHA-1,269b44b469c8dab3334b344a6594e64194187411
glmsingle,data/glmsingle/sub-144/good_grayordinates_mask.npy,667910,derivatives/glmsingle_output/sub-144/good_grayordinates_mask.npy,91410,SHA-1,89f183385f39f563a8eae382b0230609cbef9306
glmsingle,data/glmsingle/sub-145/betas_trials.npy,667916,derivatives/glmsingle_output/sub-145/betas_trials.npy,487689344,SHA-1,44f1e63ba49154ab40bff46d460c166218357cc3
glmsingle,data/glmsingle/sub-145/stimorder.npy,667922,derivatives/glmsingle_output/sub-145/stimorder.npy,10880,SHA-1,540492783c3db762c8ece88cfe1cc565d5eb57e7
glmsingle,data/glmsingle/sub-145/good_grayordinates_mask.npy,667919,derivatives/glmsingle_output/sub-145/good_grayordinates_mask.npy,91410,SHA-1,715e4140b2afea58c2113e66493fcc522a42dfad
glmsingle,data/glmsingle/sub-146/betas_trials.npy,667925,derivatives/glmsingle_output/sub-146/betas_trials.npy,487565696,SHA-1,da2a3562dd66e1a3e14c6c3007ab19befc13fa64
glmsingle,data/glmsingle/sub-146/stimorder.npy,667931,derivatives/glmsingle_output/sub-146/stimorder.npy,10880,SHA-1,626934871be66b0f07c424e7dda7dc15bd770a9b
glmsingle,data/glmsingle/sub-146/good_grayordinates_mask.npy,667928,derivatives/glmsingle_output/sub-146/good_grayordinates_mask.npy,91410,SHA-1,9ba3ca0e07555476b95176f036d7c5e522e25422
glmsingle,data/glmsingle/sub-149/betas_trials.npy,667934,derivatives/glmsingle_output/sub-149/betas_trials.npy,487716224,SHA-1,36ba42ebade7d8e41ddec8d2b774045533a12ffb
glmsingle,data/glmsingle/sub-149/stimorder.npy,667940,derivatives/glmsingle_output/sub-149/stimorder.npy,10880,SHA-1,36ad0ed303e69113ef6dcd4a648ed83a74dd35d0
glmsingle,data/glmsingle/sub-149/good_grayordinates_mask.npy,667937,derivatives/glmsingle_output/sub-149/good_grayordinates_mask.npy,91410,SHA-1,a7a0f6ba28db2429a6b3048636c9f1f0a355fb4a
glmsingle,data/glmsingle/sub-150/betas_trials.npy,667943,derivatives/glmsingle_output/sub-150/betas_trials.npy,487533440,SHA-1,88826cfabc103c3d11dba89fa09bbd3c2a8bc8ec
glmsingle,data/glmsingle/sub-150/stimorder.npy,667949,derivatives/glmsingle_output/sub-150/stimorder.npy,10880,SHA-1,a779f498ff95ae7f93f81935966460258706d937
glmsingle,data/glmsingle/sub-150/good_grayordinates_mask.npy,667946,derivatives/glmsingle_output/sub-150/good_grayordinates_mask.npy,91410,SHA-1,036e3c1ed07ca6474e536e38d7b134e942e50f3f
glmsingle,data/glmsingle/sub-151/betas_trials.npy,667952,derivatives/glmsingle_output/sub-151/betas_trials.npy,487592576,SHA-1,67c59dc05838f7835a6ebaba62e36e2dd39ab5ee
glmsingle,data/glmsingle/sub-151/stimorder.npy,667958,derivatives/glmsingle_output/sub-151/stimorder.npy,10880,SHA-1,3a884367513b83ecc895e8d41c23932359127d74
glmsingle,data/glmsingle/sub-151/good_grayordinates_mask.npy,667955,derivatives/glmsingle_output/sub-151/good_grayordinates_mask.npy,91410,SHA-1,07c2d4b5be40f227ce9da9c367a8de656f01e7f5
stimuli,data/stimuli/ordered_stimuli.csv,666307,data/stimuli/ordered_stimuli.csv,1284,SHA-1,704cac604c4bfecadc781b1586d38e9719d8ecd8
stimuli,data/stimuli/images/Almonds.jpg,666210,data/stimuli/Dummy/Almonds.jpg,52160,SHA-1,ca131dc92de4c3e910235d79b20e040a080f6d00
stimuli,data/stimuli/images/Avocado.jpg,666215,data/stimuli/Dummy/Avocado.jpg,57845,SHA-1,93235726ec357b6fca60526f0980ec2db17c2b20
stimuli,data/stimuli/images/Bacon.jpg,666216,data/stimuli/Dummy/Bacon.jpg,67330,SHA-1,68d577df8cab5ca32e11d04661bd182a4655b001
stimuli,data/stimuli/images/Baguette.jpg,666217,data/stimuli/Dummy/Baguette.jpg,63726,SHA-1,05edfe5d66cb93f1107bfcb39276b2fbfb695381
stimuli,data/stimuli/images/Bitterballs.jpg,666221,data/stimuli/Dummy/Bitterballs.jpg,56868,SHA-1,f70175ad850afb89684d31fb82323b1ba40f6125
stimuli,data/stimuli/images/Blue_cheese.jpg,666223,data/stimuli/Dummy/Blue_cheese.jpg,53450,SHA-1,629fb3cd0cb83949358a132982ab21502dd355a4
stimuli,data/stimuli/images/Brie.jpg,666225,data/stimuli/Dummy/Brie.jpg,32094,SHA-1,743edc2f70834120082e04ea56164dcdb73a9df8
stimuli,data/stimuli/images/Cheese_souffle.jpg,666235,data/stimuli/Dummy/Cheese_souffle.jpg,44886,SHA-1,60d238bc7e0e4a511c9eaa0e3b46a95b1ec39e5d
stimuli,data/stimuli/images/Crisps.jpg,666248,data/stimuli/Dummy/Crisps.jpg,56232,SHA-1,b4c43f09de7c1c259863404af51c87bbc9ebe5bb
stimuli,data/stimuli/images/Fried_egg.jpg,666254,data/stimuli/Dummy/Fried_egg.jpg,54318,SHA-1,9ad7808124d7e1cfbe93585f89fa3695b5d7264b
stimuli,data/stimuli/images/Fries.jpg,666255,data/stimuli/Dummy/Fries.jpg,38928,SHA-1,10471ff23f95b903bae3e6c6db8ee76d2498752d
stimuli,data/stimuli/images/Ham.jpg,666258,data/stimuli/Dummy/Ham.jpg,74096,SHA-1,906357f12529a0819b13db55034c74229bc5ab0b
stimuli,data/stimuli/images/Hamburger.jpg,666259,data/stimuli/Dummy/Hamburger.jpg,74820,SHA-1,26bf5da8d7792c54292d77a955bb6aa723d86350
stimuli,data/stimuli/images/Herring.jpg,666260,data/stimuli/Dummy/Herring.jpg,41376,SHA-1,e94a5c2e766a504e3ae09d533761897a70c1e82e
stimuli,data/stimuli/images/Hotdog.jpg,666262,data/stimuli/Dummy/Hotdog.jpg,51985,SHA-1,dbc7d3e29f1348ab937c2f1ed51c4f7668af5bcb
stimuli,data/stimuli/images/Lasagna.jpg,666264,data/stimuli/Dummy/Lasagna.jpg,81736,SHA-1,784de2de280ac4cec4a089f10a81d7b571b3c10f
stimuli,data/stimuli/images/Olives.jpg,666276,data/stimuli/Dummy/Olives.jpg,57427,SHA-1,4e711831645e2d059dceaae71d18f6d798d04d47
stimuli,data/stimuli/images/Pasta_pomodoro.jpg,666280,data/stimuli/Dummy/Pasta_pomodoro.jpg,77687,SHA-1,bf473882c7d4a40c33804bbf4c33aff3d1204b82
stimuli,data/stimuli/images/Pizza.jpg,666285,data/stimuli/Dummy/Pizza.jpg,56110,SHA-1,bc3f744db300d6c54ed2f6940ff42cb2b70f51a3
stimuli,data/stimuli/images/Ribs.jpg,666292,data/stimuli/Dummy/Ribs.jpg,135775,SHA-1,ccf61b3407f5b0d594b334a61e945b1953a542e2
stimuli,data/stimuli/images/Roasted_potatoes.jpg,666294,data/stimuli/Dummy/Roasted_potatoes.jpg,53641,SHA-1,f41949cdf2405beeac5e576400ebcb2f9998611d
stimuli,data/stimuli/images/Salami.jpg,666295,data/stimuli/Dummy/Salami.jpg,79869,SHA-1,9a710fdc207eb43b12ed1cae62fbba8e6732b33d
stimuli,data/stimuli/images/Smoked_sausage.jpg,666296,data/stimuli/Dummy/Smoked_sausage.jpg,34451,SHA-1,ce2754c736ce9d0482e659161bd7c5433c7fb9b2
stimuli,data/stimuli/images/Sushi.jpg,666298,data/stimuli/Dummy/Sushi.jpg,52916,SHA-1,70a8768b62fc515fe04bf22db8b83afa4c321568
stimuli,data/stimuli/images/Berliner.jpg,666220,data/stimuli/Dummy/Berliner.jpg,68142,SHA-1,936b3788937248a59685322118e1fa577b36da1c
stimuli,data/stimuli/images/Bonbon.jpg,666224,data/stimuli/Dummy/Bonbon.jpg,33461,SHA-1,3d66e5a0bd3725f21a4e0db02aef2366fdab8267
stimuli,data/stimuli/images/Brownie.jpg,666227,data/stimuli/Dummy/Brownie.jpg,65684,SHA-1,297ace500bbaf402636cd5b45d67225035db9d45
stimuli,data/stimuli/images/Butter_biscuit.jpg,666229,data/stimuli/Dummy/Butter_biscuit.jpg,50128,SHA-1,ccbb4c9d817d6bddd78c2e8a0eef30c6cbeb99c0
stimuli,data/stimuli/images/Cake.jpg,666230,data/stimuli/Dummy/Cake.jpg,67350,SHA-1,f941472e6d8520cb4025d02dd875aba13087d468
stimuli,data/stimuli/images/Candies.jpg,666231,data/stimuli/Dummy/Candies.jpg,69910,SHA-1,0768c0dac9c2686bc37b5c7eb88739f98ac76dab
stimuli,data/stimuli/images/Pound_cake.jpg,666288,data/stimuli/Dummy/Pound_cake.jpg,108235,SHA-1,bc36a1e9cda42d5f70495e2d203ea9b485ad0197
stimuli,data/stimuli/images/Cheesecake.jpg,666234,data/stimuli/Dummy/Cheesecake.jpg,46789,SHA-1,c824f718332a23c9101568b0f72727584f0de17e
stimuli,data/stimuli/images/Choco_cookies.jpg,666242,data/stimuli/Dummy/Choco_cookies.jpg,53221,SHA-1,b9d85b5ffce867445efcdd8fcbe3ec76cb080a3a
stimuli,data/stimuli/images/Choco_lava_cake.jpg,666243,data/stimuli/Dummy/Choco_lava_cake.jpg,64893,SHA-1,63fd972b22680a12f60e8904b839d88d96023270
stimuli,data/stimuli/images/Choco_cone.jpg,666241,data/stimuli/Dummy/Choco_cone.jpg,24515,SHA-1,73056c65d8f80d5c1e79f76720b60ffc60c7e0d0
stimuli,data/stimuli/images/Chocolate_bar.jpg,666239,data/stimuli/Dummy/Chocolate_bar.jpg,41947,SHA-1,140f05e63db1bdd7cfb4ece39d3dfe64688d19ba
stimuli,data/stimuli/images/Chocolate_cake.jpg,666240,data/stimuli/Dummy/Chocolate_cake.jpg,57368,SHA-1,b71abd7e2f9673e567702a1811b5df6dba591349
stimuli,data/stimuli/images/Cream_cake.jpg,666247,data/stimuli/Dummy/Cream_cake.jpg,102509,SHA-1,dc80300a597f8f318a4916cae245e1fcc1e2114b
stimuli,data/stimuli/images/Croissant.jpg,666249,data/stimuli/Dummy/Croissant.jpg,60095,SHA-1,f9acab447c9a7e962da6216df202aae0ff2a0c67
stimuli,data/stimuli/images/Donut.jpg,666252,data/stimuli/Dummy/Donut.jpg,72906,SHA-1,ee48d5b64a98a94ec2f6a2602d27219e2732115c
stimuli,data/stimuli/images/Magnum.jpg,666266,data/stimuli/Dummy/Magnum.jpg,42034,SHA-1,da3c4d99ca83996961570d37f2a115b7e6994fd8
stimuli,data/stimuli/images/Mars.jpg,666269,data/stimuli/Dummy/Mars.jpg,38267,SHA-1,688cdf514e69225fa61dd13c49a9c63bed989f4f
stimuli,data/stimuli/images/MMs.jpg,666271,data/stimuli/Dummy/MMs.jpg,114549,SHA-1,9c7c6f9520d9259aa6429e488112277b2c1fa93e
stimuli,data/stimuli/images/Nutella_sandwich.jpg,666275,data/stimuli/Dummy/Nutella_sandwich.jpg,153341,SHA-1,6d21d41abef58be92604f8bf487b966ef39d8bc0
stimuli,data/stimuli/images/Tiramisu.jpg,666299,data/stimuli/Dummy/Tiramisu.jpg,80375,SHA-1,ba67bdf00ae842fc7d0649a958a73b220436bd91
stimuli,data/stimuli/images/Tompoes.jpg,666300,data/stimuli/Dummy/Tompoes.jpg,31835,SHA-1,31f74897939d814ef66ebe1ce333ac3e52da33d8
stimuli,data/stimuli/images/Vanilla_icecream.jpg,666302,data/stimuli/Dummy/Vanilla_icecream.jpg,47052,SHA-1,47ea7abe87c06d1f0e4b531bcc7dcf174172da24
stimuli,data/stimuli/images/Waffle.jpg,666303,data/stimuli/Dummy/Waffle.jpg,82929,SHA-1,261e26be9e0c5a83c3ab38a09f6d4bab3c8e1eea
stimuli,data/stimuli/images/Asparagus_green.jpg,666213,data/stimuli/Dummy/Asparagus_green.jpg,92954,SHA-1,b5f1e9b94c04ad32f090eba1111fac4711c7f32e
stimuli,data/stimuli/images/Aubergine.jpg,666214,data/stimuli/Dummy/Aubergine.jpg,39921,SHA-1,80d10cf758cb0b2f37044c3c73b001cbd6ff6924
stimuli,data/stimuli/images/Beetroot.jpg,666219,data/stimuli/Dummy/Beetroot.jpg,71239,SHA-1,2a8268157e0761fb05d192dc68645152a9d56730
stimuli,data/stimuli/images/Broccoli.jpg,666226,data/stimuli/Dummy/Broccoli.jpg,72746,SHA-1,c5bff9d614347d9455ddbe383fcab979f85f01cc
stimuli,data/stimuli/images/Brussels_sprout.jpg,666228,data/stimuli/Dummy/Brussels_sprout.jpg,63970,SHA-1,70997d1a1056df634a961c44223b448bba0a7f8b
stimuli,data/stimuli/images/Carrot.jpg,666232,data/stimuli/Dummy/Carrot.jpg,63517,SHA-1,a073583edd7f4a2293e3cacf1756612d2692fca7
stimuli,data/stimuli/images/Cauliflower.jpg,666233,data/stimuli/Dummy/Cauliflower.jpg,62897,SHA-1,da98dec230e4b1d014a4873814d8ecdacf31a6c7
stimuli,data/stimuli/images/Cherry_tomatoes.jpg,666237,data/stimuli/Dummy/Cherry_tomatoes.jpg,63720,SHA-1,6b6a9383ed58726f4fbfed3e3c1f018d50655aec
stimuli,data/stimuli/images/Chickpeas.jpg,666238,data/stimuli/Dummy/Chickpeas.jpg,65766,SHA-1,ae1eab9e059a6affe73813eb154564a2ca503b07
stimuli,data/stimuli/images/Codfish.jpg,666245,data/stimuli/Dummy/Codfish.jpg,45429,SHA-1,3b0d8c046ab625610f8d7c1e067e81def0ae58a6
stimuli,data/stimuli/images/Corn.jpg,666246,data/stimuli/Dummy/Corn.jpg,45619,SHA-1,25b1a410bd32ba99de959969cd6d0413d0a0c172
stimuli,data/stimuli/images/Cucumber.jpg,666250,data/stimuli/Dummy/Cucumber.jpg,46413,SHA-1,d3ad2e55378140a87c95c485947a1617311c153e
stimuli,data/stimuli/images/Lettuce.jpg,666265,data/stimuli/Dummy/Lettuce.jpg,85316,SHA-1,8b559c01b6abd94eb5d2b902f9989c994fced4fa
stimuli,data/stimuli/images/Mushrooms.jpg,666273,data/stimuli/Dummy/Mushrooms.jpg,50925,SHA-1,7c67fdd11e51a4a40b91accc872f1cf9a239cfb7
stimuli,data/stimuli/images/Mussles.jpg,666274,data/stimuli/Dummy/Mussles.jpg,71313,SHA-1,74f01d0974bb53f6b93a939740dc1a6e146c9919
stimuli,data/stimuli/images/Oyster.jpg,666278,data/stimuli/Dummy/Oyster.jpg,171250,SHA-1,995b947315f1579bc80644c5a57ea5f5d3530974
stimuli,data/stimuli/images/Pees.jpg,666282,data/stimuli/Dummy/Pees.jpg,34892,SHA-1,6cb3ac933ff821884817b628d8c56c90506778c8
stimuli,data/stimuli/images/Pepper_red.jpg,666283,data/stimuli/Dummy/Pepper_red.jpg,41979,SHA-1,a952f597838b162b9b3fc85145f21367dfa8e0bd
stimuli,data/stimuli/images/Popcorn.jpg,666287,data/stimuli/Dummy/Popcorn.jpg,40492,SHA-1,a01cf17b3902025f58dd6786763c86be97ed8608
stimuli,data/stimuli/images/Radish.jpg,666290,data/stimuli/Dummy/Radish.jpg,41389,SHA-1,a1088864d5d621d2981e608e685ee0e87c2bf172
stimuli,data/stimuli/images/Radicchio.jpg,666289,data/stimuli/Dummy/Radicchio.jpg,87324,SHA-1,3eb9c69fdf27fb1aeda71b068db0ce03452be520
stimuli,data/stimuli/images/Rice_waffle.jpg,666293,data/stimuli/Dummy/Rice_waffle.jpg,78676,SHA-1,907f3e0a680185cbf5514a592b4f10a775185c50
stimuli,data/stimuli/images/Tuna.jpg,666301,data/stimuli/Dummy/Tuna.jpg,87316,SHA-1,85c29de993119e4b8212479377d2474e1a1f3c37
stimuli,data/stimuli/images/Zucchini.jpg,666305,data/stimuli/Dummy/Zucchini.jpg,56002,SHA-1,e6d6effaf819ba5f51c11c61fc22f286637b7cd3
stimuli,data/stimuli/images/Apple.jpg,666211,data/stimuli/Dummy/Apple.jpg,31706,SHA-1,88d139be1eb8769da1d0248131353ab2f5ae586a
stimuli,data/stimuli/images/Apricot.jpg,666212,data/stimuli/Dummy/Apricot.jpg,33328,SHA-1,edc8c95140cd7b1097d776efd6377538ad5d62da
stimuli,data/stimuli/images/Banana.jpg,666218,data/stimuli/Dummy/Banana.jpg,31697,SHA-1,26d35032ceb20b561a50e12916cf622d94e49e58
stimuli,data/stimuli/images/Blackberries.jpg,666222,data/stimuli/Dummy/Blackberries.jpg,33318,SHA-1,41df0e9c11ea7c03d22b5ae02dbe564ae8b99eba
stimuli,data/stimuli/images/Cherries.jpg,666236,data/stimuli/Dummy/Cherries.jpg,81634,SHA-1,3c3462476b690371313ea569e4128e0e7b078cfc
stimuli,data/stimuli/images/Coconut.jpg,666244,data/stimuli/Dummy/Coconut.jpg,100675,SHA-1,66f19ee97c342340a5f8a006adf8dc9d95062b79
stimuli,data/stimuli/images/Currant.jpg,666251,data/stimuli/Dummy/Currant.jpg,41528,SHA-1,3dd83d16588d7fffd2a569733cd98d43f29824e7
stimuli,data/stimuli/images/Figs.jpg,666253,data/stimuli/Dummy/Figs.jpg,46786,SHA-1,15adde82768a1dd6a18fbe48ea2dabefc815be76
stimuli,data/stimuli/images/Grape_red.jpg,666256,data/stimuli/Dummy/Grape_red.jpg,49827,SHA-1,faec80f7dc56fa2e5c0e8f3e7de26954afd30695
stimuli,data/stimuli/images/Grape_white.jpg,666257,data/stimuli/Dummy/Grape_white.jpg,33761,SHA-1,3f2577e6d21886ea71821c6924a6446ee7bc62a2
stimuli,data/stimuli/images/Honey_melon.jpg,666261,data/stimuli/Dummy/Honey_melon.jpg,50848,SHA-1,7979671d37fddb628e6e09440e9a20a4f806c88b
stimuli,data/stimuli/images/Kiwi.jpg,666263,data/stimuli/Dummy/Kiwi.jpg,54031,SHA-1,02495238c555d56c0e7bc22fc6bc6589fba65f12
stimuli,data/stimuli/images/Mandarin.jpg,666267,data/stimuli/Dummy/Mandarin.jpg,51334,SHA-1,72a644b469510e3d85faec0194d3b564c85011d8
stimuli,data/stimuli/images/Mango.jpg,666268,data/stimuli/Dummy/Mango.jpg,75809,SHA-1,c59e3d6d988f7652edc714577f962c378cb272d5
stimuli,data/stimuli/images/Melon.jpg,666270,data/stimuli/Dummy/Melon.jpg,73773,SHA-1,95c4d265aa9caf437e3440165a50ebaa5af7f31d
stimuli,data/stimuli/images/Muesli_bar.jpg,666272,data/stimuli/Dummy/Muesli_bar.jpg,104168,SHA-1,5c7c052f07aa667e930d0e04ae056a2b624fe8cc
stimuli,data/stimuli/images/Orange.jpg,666277,data/stimuli/Dummy/Orange.jpg,58358,SHA-1,79acc4bbc80e7e5dd4de4b08d906051b568891e5
stimuli,data/stimuli/images/Papaya.jpg,666279,data/stimuli/Dummy/Papaya.jpg,114128,SHA-1,6a9d50f71820bd8ecc368d808fda04e5240234ea
stimuli,data/stimuli/images/Pear.jpg,666281,data/stimuli/Dummy/Pear.jpg,42771,SHA-1,ada88597116e70df629d815a29da2b58e30bb7d4
stimuli,data/stimuli/images/Pineapple.jpg,666284,data/stimuli/Dummy/Pineapple.jpg,46427,SHA-1,8d7f2bcd03ba02b5c26590b97a70f1d037eb9e7c
stimuli,data/stimuli/images/Pomegranate.jpg,666286,data/stimuli/Dummy/Pomegranate.jpg,66378,SHA-1,fb4d263c1e21711c87ee2ab20dcf0eaa02ad9ef1
stimuli,data/stimuli/images/Raspberries.jpg,666291,data/stimuli/Dummy/Raspberries.jpg,96324,SHA-1,132fe1017440acb7715ed1078a4f774929befeb6
stimuli,data/stimuli/images/Strawberries.jpg,666297,data/stimuli/Dummy/Strawberries.jpg,64210,SHA-1,e31b535a2adb5162f15c87dce301413eb7f0f331
stimuli,data/stimuli/images/Watermelon.jpg,666304,data/stimuli/Dummy/Watermelon.jpg,140234,SHA-1,764101e47d33c21974c0bffd933d60d833eafe4e
ratings,data/ratings/104_rating.txt,665798,data/fmri/Food_ratings/104_rating.txt,10430,SHA-1,95b3ec35e0eb42d0efc9237d37314503f27b55e0
ratings,data/ratings/105_rating.txt,665799,data/fmri/Food_ratings/105_rating.txt,10419,SHA-1,e136ba6e97b1f34df710747eba022b78fb50193e
ratings,data/ratings/109_rating.txt,665800,data/fmri/Food_ratings/109_rating.txt,10388,SHA-1,853f0afb3a984bfd316194eb36cf55fbc140b7df
ratings,data/ratings/112_rating.txt,665801,data/fmri/Food_ratings/112_rating.txt,10303,SHA-1,8d2449ef08c99b2a24893cde982cc8969940b846
ratings,data/ratings/115_rating.txt,665802,data/fmri/Food_ratings/115_rating.txt,10358,SHA-1,0911e0d1cd2a98d6e16131089b531cc159130029
ratings,data/ratings/117_rating.txt,665803,data/fmri/Food_ratings/117_rating.txt,10415,SHA-1,e3934172665aa60fddfd5768bed465c1844c4043
ratings,data/ratings/118_rating.txt,665804,data/fmri/Food_ratings/118_rating.txt,10381,SHA-1,ce2cc259f7977893ae1a8dacbea6763896a0b9a0
ratings,data/ratings/122_rating.txt,665805,data/fmri/Food_ratings/122_rating.txt,10398,SHA-1,12e1b7f05ec9d73a38ad0fa1fb380cb539e5a2b4
ratings,data/ratings/124_rating.txt,665806,data/fmri/Food_ratings/124_rating.txt,10396,SHA-1,0accb452d0f803ed8f0c9406438789d240ce2682
ratings,data/ratings/125_rating.txt,665807,data/fmri/Food_ratings/125_rating.txt,10457,SHA-1,da2aab7f9e68d4dce49fe4216803fd804a927419
ratings,data/ratings/126_rating.txt,665808,data/fmri/Food_ratings/126_rating.txt,10407,SHA-1,c9f5fbe6165092d42e289245d03fda4be17d4d69
ratings,data/ratings/129_rating.txt,665809,data/fmri/Food_ratings/129_rating.txt,10293,SHA-1,1bc7655796b120c538da3bd95356f97f370ce071
ratings,data/ratings/132_rating.txt,665810,data/fmri/Food_ratings/132_rating.txt,10417,SHA-1,aa93eff9046685bf98e2fba6a61bc84ccab3eaf4
ratings,data/ratings/134_rating.txt,665811,data/fmri/Food_ratings/134_rating.txt,10412,SHA-1,56342c7fe002cd8be3e247d626d95179eda8220b
ratings,data/ratings/137_rating.txt,665812,data/fmri/Food_ratings/137_rating.txt,10375,SHA-1,d6ba5badfeffed86a22757a18d1082095d0f4266
ratings,data/ratings/139_rating.txt,665813,data/fmri/Food_ratings/139_rating.txt,10400,SHA-1,00e57fd35178084e287a1872a5adb100d069fcf2
ratings,data/ratings/140_rating.txt,665814,data/fmri/Food_ratings/140_rating.txt,10321,SHA-1,0ea5740febf7322bd6af76c4afaf56858afcf723
ratings,data/ratings/141_rating.txt,665815,data/fmri/Food_ratings/141_rating.txt,10374,SHA-1,879fadf8f9c325d052cfa15d7c1aa31b3a91d024
ratings,data/ratings/143_rating.txt,665816,data/fmri/Food_ratings/143_rating.txt,10351,SHA-1,3bde87105e7db77ac0e7ba24291498b97a4b7338
ratings,data/ratings/144_rating.txt,665817,data/fmri/Food_ratings/144_rating.txt,10414,SHA-1,47d3c6656e2e3c04414a4a96788e8e72324afffa
ratings,data/ratings/145_rating.txt,665818,data/fmri/Food_ratings/145_rating.txt,10341,SHA-1,3cdbf3ea11dac33712cd08cba7cbb572a3baae92
ratings,data/ratings/146_rating.txt,665819,data/fmri/Food_ratings/146_rating.txt,10423,SHA-1,a7a9184fc9340fc17da8cac2f5b3c83a6b5a0538
ratings,data/ratings/149_rating.txt,665820,data/fmri/Food_ratings/149_rating.txt,10372,SHA-1,1bf8a2e95da60ee911643ed23f2f4a8e36bd98da
ratings,data/ratings/150_rating.txt,665821,data/fmri/Food_ratings/150_rating.txt,10359,SHA-1,e659a41791ebe473850f3abebdeb00fd71bf33a4
ratings,data/ratings/151_rating.txt,665822,data/fmri/Food_ratings/151_rating.txt,10353,SHA-1,6278b5a85d3b60e166b0b0f4cfe9871edbaf8fa6
atlas,resources/atlas/Q1-Q6_RelatedValidation210.CorticalAreas_dil_Final_Final_Areas_Group_Colors.32k_fs_LR.dlabel.nii,664987,data/atlases/Q1-Q6_RelatedValidation210.CorticalAreas_dil_Final_Final_Areas_Group_Colors.32k_fs_LR.dlabel.nii,621936,SHA-1,2b3d7b39124f8639daf56c5271bf57bdb4ba58a7
inherited_feature_inputs,data/stimuli/gabor_v1_rsa_model.npz,666306,data/stimuli/gabor_v1_rsa_model.npz,253404,SHA-1,421b70d84be388146d884a70ffc92f9097e90f3d
inherited_feature_inputs,data/stimuli/cornet_features/V4_PCA_matrix.npy,666209,data/stimuli/cornet_features/V4_PCA_matrix.npy,35840,SHA-1,7a646651366508c21f1c72e5d3bf13cf22c0c76d
inherited_feature_inputs,data/stimuli/cornet_features/IT_PCA_matrix.npy,666208,data/stimuli/cornet_features/IT_PCA_matrix.npy,35840,SHA-1,7634021b12264363a323477226dc95a6e541cf61
