subject,predictor,cv_r2,pearson_r,spearman_rho,residual_var,target_var,residual_var_fraction
104,LowVis,-0.03172266483306885,-0.007600633427500725,0.06595865372447618,1.0311075448989868,1.0,1.0311075448989868
104,HighVis,0.09502744674682617,0.3094966411590576,0.37731737679416355,0.9049469828605652,1.0,0.9049469828605652
104,LowHigh,0.06706666946411133,0.262376070022583,0.37715345345468054,0.9324951767921448,1.0,0.9324951767921448
104,CLIP,0.41116029024124146,0.6452799439430237,0.6631587000176623,0.5838577747344971,1.0,0.5838577747344971
104,LowHighCLIP,0.2813878655433655,0.5428738594055176,0.5706854461318093,0.7185935974121094,1.0,0.7185935974121094
105,LowVis,-0.012169480323791504,0.0850008875131607,0.06895690171750146,1.0121175050735474,1.0,1.0121175050735474
105,HighVis,0.18439722061157227,0.4302590489387512,0.44537806270302344,0.8154537081718445,1.0,0.8154537081718445
105,LowHigh,0.1299646496772766,0.37109947204589844,0.3933225621056462,0.8700265288352966,1.0,0.8700265288352966
105,CLIP,0.6085366010665894,0.7810596227645874,0.8003210671023853,0.39080867171287537,1.0,0.39080867171287537
105,LowHighCLIP,0.35458511114120483,0.6281331777572632,0.642776106319741,0.6452168822288513,1.0,0.6452168822288513
109,LowVis,-0.023421525955200195,-0.15050771832466125,-0.06039597028892982,1.0234166383743286,1.0000001192092896,1.023416519165039
109,HighVis,0.1996782422065735,0.47437727451324463,0.5142035439661452,0.8003085255622864,1.0000001192092896,0.8003084063529968
109,LowHigh,0.012944638729095459,0.1250072419643402,0.07861719641451283,0.9864590764045715,1.0000001192092896,0.986458957195282
109,CLIP,0.4688935875892639,0.6878012418746948,0.6625444046095271,0.5310618281364441,1.0000001192092896,0.5310617685317993
109,LowHighCLIP,0.24869078397750854,0.5564112067222595,0.5820548856296156,0.7512521147727966,1.0000001192092896,0.7512519955635071
112,LowVis,-0.2705012559890747,0.15937300026416779,0.26463695240141116,1.2704105377197266,1.0,1.2704105377197266
112,HighVis,0.18357008695602417,0.42887139320373535,0.4699561526418907,0.8164226412773132,1.0,0.8164226412773132
112,LowHigh,0.3335220217704773,0.6256943345069885,0.6354339578181948,0.6655145287513733,1.0,0.6655145287513733
112,CLIP,0.4710145592689514,0.6901140213012695,0.7008978540159291,0.5246290564537048,1.0,0.5246290564537048
112,LowHighCLIP,0.4363691210746765,0.693678617477417,0.7060942627711069,0.5635258555412292,1.0,0.5635258555412292
115,LowVis,0.03095322847366333,0.18933050334453583,0.22087196484213284,0.9681623578071594,1.0,0.9681623578071594
115,HighVis,0.16173285245895386,0.47876113653182983,0.5241691859521438,0.8312022089958191,1.0,0.8312022089958191
115,LowHigh,0.28424960374832153,0.5648780465126038,0.588568376365708,0.7078330516815186,1.0,0.7078330516815186
115,CLIP,0.7623870968818665,0.8734058141708374,0.8632739332786015,0.23716284334659576,1.0,0.23716284334659576
115,LowHighCLIP,0.48291319608688354,0.7601605653762817,0.7827851371571538,0.5135586261749268,1.0,0.5135586261749268
117,LowVis,0.0180816650390625,0.16085109114646912,0.11999959725444806,0.9810886383056641,1.0,0.9810886383056641
117,HighVis,0.09097021818161011,0.4725121259689331,0.49839045754768874,0.9062230587005615,1.0,0.9062230587005615
117,LowHigh,0.27175211906433105,0.568572461605072,0.556449964179505,0.7279872894287109,1.0,0.7279872894287109
117,CLIP,0.6637741327285767,0.8154784440994263,0.8154518086154539,0.3353663384914398,1.0,0.3353663384914398
117,LowHighCLIP,0.4702683091163635,0.7443835735321045,0.7570598743340747,0.5290772914886475,1.0,0.5290772914886475
118,LowVis,0.015133559703826904,0.17674729228019714,0.21805353207950862,0.9838846325874329,1.0,0.9838846325874329
118,HighVis,0.2941865921020508,0.5619868040084839,0.5789676171829139,0.6974567770957947,1.0,0.6974567770957947
118,LowHigh,0.2934127449989319,0.5829826593399048,0.5788251162750383,0.7031853795051575,1.0,0.7031853795051575
118,CLIP,0.7410085201263428,0.8622207641601562,0.822121666321055,0.25727608799934387,1.0,0.25727608799934387
118,LowHighCLIP,0.4901791214942932,0.7645645141601562,0.7598012692768586,0.5089132189750671,1.0,0.5089132189750671
122,LowVis,-0.10367906093597412,-0.043751589953899384,-0.04085843299795327,1.103670597076416,1.0,1.103670597076416
122,HighVis,0.22124212980270386,0.4789811372756958,0.46859282076194436,0.7784168720245361,1.0,0.7784168720245361
122,LowHigh,0.2110874056816101,0.46969905495643616,0.45295111870908233,0.7886365056037903,1.0,0.7886365056037903
122,CLIP,0.3613998293876648,0.6043329238891602,0.586777585600402,0.6385151147842407,1.0,0.6385151147842407
122,LowHighCLIP,0.3777233958244324,0.6651740074157715,0.644078467220518,0.6222743391990662,1.0,0.6222743391990662
124,LowVis,0.018483459949493408,0.15845145285129547,0.22904561376777532,0.9814915657043457,1.0,0.9814915657043457
124,HighVis,0.23476916551589966,0.4850124716758728,0.47425971197208744,0.7649779319763184,1.0,0.7649779319763184
124,LowHigh,0.21650618314743042,0.49553585052490234,0.5305814028271826,0.783189594745636,1.0,0.783189594745636
124,CLIP,0.578424334526062,0.7686330080032349,0.7858236252434969,0.41970086097717285,1.0,0.41970086097717285
124,LowHighCLIP,0.42627114057540894,0.6894540786743164,0.7011002240017702,0.5732818245887756,1.0,0.5732818245887756
125,LowVis,-0.13760685920715332,0.06671563535928726,0.26337714914108157,1.1374768018722534,1.0000001192092896,1.1374766826629639
125,HighVis,0.23355084657669067,0.4870152473449707,0.5021065771304785,0.7628853917121887,1.0000001192092896,0.7628852725028992
125,LowHigh,0.21742308139801025,0.5117630958557129,0.5087824256339901,0.7811918258666992,1.0000001192092896,0.7811917066574097
125,CLIP,0.37194573879241943,0.6115812063217163,0.6177059497436231,0.6262025833129883,1.0000001192092896,0.6262025237083435
125,LowHighCLIP,0.3664878010749817,0.6215953826904297,0.6233641384142824,0.6331977844238281,1.0000001192092896,0.6331977248191833
126,LowVis,-0.03036630153656006,-0.02488473616540432,0.013524279412356751,1.0302976369857788,0.9999998211860657,1.030297875404358
126,HighVis,-0.07996928691864014,0.4196377992630005,0.4741225953989066,1.0796589851379395,0.9999998211860657,1.0796592235565186
126,LowHigh,0.16074931621551514,0.4066894054412842,0.4125112225045529,0.8389613628387451,0.9999998211860657,0.8389615416526794
126,CLIP,0.5822997093200684,0.767245888710022,0.7703043145295194,0.4148184359073639,0.9999998211860657,0.41481849551200867
126,LowHighCLIP,0.3813997507095337,0.6508904695510864,0.6466882606150444,0.6185935139656067,0.9999998211860657,0.6185936331748962
129,LowVis,0.02179718017578125,0.18093451857566833,0.22514027702137482,0.9777013659477234,1.0,0.9777013659477234
129,HighVis,0.2886301875114441,0.5373308062553406,0.5614157921891152,0.7113051414489746,1.0,0.7113051414489746
129,LowHigh,0.3212409019470215,0.6064633727073669,0.6231673908465976,0.6782452464103699,1.0,0.6782452464103699
129,CLIP,0.7063257694244385,0.8426905870437622,0.8201659812901614,0.2909826338291168,1.0,0.2909826338291168
129,LowHighCLIP,0.5055898427963257,0.7748144865036011,0.7792764092061526,0.49437466263771057,1.0,0.49437466263771057
132,LowVis,-0.05251455307006836,-0.24217021465301514,-0.15139159416515108,1.0525107383728027,1.0000001192092896,1.0525106191635132
132,HighVis,0.24210143089294434,0.49558502435684204,0.529717919206554,0.7546691298484802,1.0000001192092896,0.7546690106391907
132,LowHigh,0.0788765549659729,0.28164905309677124,0.30234216947937514,0.9209034442901611,1.0000001192092896,0.9209033250808716
132,CLIP,0.43470120429992676,0.6616834402084351,0.6886543281752566,0.5652966499328613,1.0000001192092896,0.5652965903282166
132,LowHighCLIP,0.31507664918899536,0.5860304832458496,0.6097390934809139,0.684913158416748,1.0000001192092896,0.6849130988121033
134,LowVis,-0.03085768222808838,-0.202134907245636,-0.17330907004497237,1.0308271646499634,1.0000001192092896,1.0308270454406738
134,HighVis,-0.03222322463989258,0.2010410577058792,0.23009244276166907,1.0288509130477905,1.0000001192092896,1.028850793838501
134,LowHigh,-0.03549528121948242,0.021021246910095215,0.09222971617304987,1.0354162454605103,1.0000001192092896,1.0354161262512207
134,CLIP,0.31528162956237793,0.562195360660553,0.5407620319635604,0.6846039295196533,1.0000001192092896,0.6846038699150085
134,LowHighCLIP,0.11329531669616699,0.3412451148033142,0.3712263042432544,0.8867020010948181,1.0000001192092896,0.8867018818855286
137,LowVis,-0.03626143932342529,0.03051021695137024,0.11403039726876812,1.0362311601638794,1.0,1.0362311601638794
137,HighVis,0.18617916107177734,0.4532765746116638,0.4647595358601449,0.8129108548164368,1.0,0.8129108548164368
137,LowHigh,0.1712053418159485,0.429977148771286,0.4391578286959044,0.8287562727928162,1.0,0.8287562727928162
137,CLIP,0.5831815004348755,0.7740817070007324,0.7663616243934508,0.41222333908081055,1.0,0.41222333908081055
137,LowHighCLIP,0.39368200302124023,0.6564278602600098,0.6722331108015227,0.6062312722206116,1.0,0.6062312722206116
139,LowVis,0.05423235893249512,0.23689621686935425,0.19829418884984634,0.9452396035194397,0.9999999403953552,0.9452396631240845
139,HighVis,0.19163745641708374,0.44995439052581787,0.452261927505092,0.8055977821350098,0.9999999403953552,0.8055978417396545
139,LowHigh,0.2934359908103943,0.5805258750915527,0.5849692141710273,0.7049603462219238,0.9999999403953552,0.7049604058265686
139,CLIP,0.6553510427474976,0.8101209402084351,0.80617064301393,0.34375619888305664,0.9999999403953552,0.34375622868537903
139,LowHighCLIP,0.43535315990448,0.7136198878288269,0.701479942228128,0.5642383098602295,0.9999999403953552,0.5642383694648743
140,LowVis,-0.0293503999710083,-0.18106496334075928,-0.05584443455955951,1.0293179750442505,0.9999997615814209,1.0293182134628296
140,HighVis,0.18150025606155396,0.4272083044052124,0.4680227629614395,0.8175686001777649,0.9999997615814209,0.8175687789916992
140,LowHigh,0.09489881992340088,0.3141109049320221,0.36638073635722673,0.9048643112182617,0.9999997615814209,0.9048645496368408
140,CLIP,0.48073136806488037,0.6955806612968445,0.6921535056015375,0.5167161226272583,0.9999997615814209,0.5167162418365479
140,LowHighCLIP,0.2887797951698303,0.562985897064209,0.5769981027044867,0.7112160325050354,0.9999997615814209,0.7112162113189697
141,LowVis,-0.034037232398986816,-0.04958026856184006,-0.05039280502864623,1.0340372323989868,1.0000001192092896,1.0340371131896973
141,HighVis,0.03933340311050415,0.4402989149093628,0.4504959376847368,0.9216649532318115,1.0000001192092896,0.921664834022522
141,LowHigh,0.22211509943008423,0.48275142908096313,0.4822119263100626,0.7744998335838318,1.0000001192092896,0.7744997143745422
141,CLIP,0.49517929553985596,0.7187560796737671,0.7357430944206629,0.4929021894931793,1.0000001192092896,0.49290212988853455
141,LowHighCLIP,0.3832225203514099,0.6425877809524536,0.6617006773389927,0.6161534190177917,1.0000001192092896,0.616153359413147
143,LowVis,0.06808078289031982,0.2619573175907135,0.274078760896572,0.931786060333252,0.9999998211860657,0.9317862391471863
143,HighVis,0.1379014253616333,0.37228286266326904,0.4245810638828294,0.8614649772644043,0.9999998211860657,0.8614651560783386
143,LowHigh,0.18724292516708374,0.4477173089981079,0.44660512879113945,0.8093223571777344,0.9999998211860657,0.8093224763870239
143,CLIP,0.6131924390792847,0.7882537245750427,0.7938915012494587,0.3852783739566803,0.9999998211860657,0.3852784335613251
143,LowHighCLIP,0.3282979726791382,0.6016368865966797,0.6027967555730701,0.6703991293907166,0.9999998211860657,0.6703992486000061
144,LowVis,0.019967854022979736,0.16334937512874603,0.14987754298705627,0.9799835681915283,1.0000001192092896,0.9799834489822388
144,HighVis,0.19979548454284668,0.4540061950683594,0.47526582757615743,0.797807514667511,1.0000001192092896,0.7978073954582214
144,LowHigh,0.19780611991882324,0.47698917984962463,0.45805942427080776,0.802190363407135,1.0000001192092896,0.8021902441978455
144,CLIP,0.517253041267395,0.729548990726471,0.7348002673380803,0.4745878279209137,1.0000001192092896,0.4745877683162689
144,LowHighCLIP,0.37814652919769287,0.6384785175323486,0.6391473202565268,0.6217027306556702,1.0000001192092896,0.6217026710510254
145,LowVis,-0.013119697570800781,-0.003480043262243271,0.009132017809353606,1.0131028890609741,0.9999998211860657,1.0131031274795532
145,HighVis,-0.0067299604415893555,0.16889499127864838,0.2749917874061815,1.0056958198547363,0.9999998211860657,1.0056960582733154
145,LowHigh,0.04082775115966797,0.2030506134033203,0.18875324478010896,0.9589226245880127,0.9999998211860657,0.958922803401947
145,CLIP,0.4984437823295593,0.7095301151275635,0.6802403429563302,0.49968162178993225,0.9999998211860657,0.4996817111968994
145,LowHighCLIP,0.2522349953651428,0.5148249864578247,0.5136590403760487,0.7477598190307617,0.9999998211860657,0.7477599382400513
146,LowVis,0.020723998546600342,0.14657007157802582,0.19430273842073953,0.9790868759155273,0.9999998211860657,0.9790870547294617
146,HighVis,0.2599083185195923,0.5117668509483337,0.5474614149323291,0.7388847470283508,0.9999998211860657,0.7388848662376404
146,LowHigh,0.22517484426498413,0.48316049575805664,0.5224620925944071,0.7734573483467102,0.9999998211860657,0.7734574675559998
146,CLIP,0.45380479097366333,0.6780909299850464,0.6629671034331326,0.5407081842422485,0.9999998211860657,0.5407083034515381
146,LowHighCLIP,0.4012274146080017,0.6690510511398315,0.6821863924923818,0.5987445712089539,0.9999998211860657,0.5987446904182434
149,LowVis,-0.04409778118133545,-0.043103888630867004,0.006140843188638356,1.0433553457260132,0.9999998211860657,1.0433555841445923
149,HighVis,0.22976070642471313,0.5169432163238525,0.5617810390854664,0.7624418139457703,0.9999998211860657,0.7624419331550598
149,LowHigh,0.12479770183563232,0.3599192500114441,0.4088760974820799,0.8748199343681335,0.9999998211860657,0.8748201131820679
149,CLIP,0.5547429919242859,0.7454954385757446,0.77839466152884,0.444359689950943,0.9999998211860657,0.44435977935791016
149,LowHighCLIP,0.3507554531097412,0.6164829730987549,0.6373811854981011,0.649030864238739,0.9999998211860657,0.6490309834480286
150,LowVis,-0.014672040939331055,-0.029852714389562607,0.027191409409746518,1.014512538909912,1.0,1.014512538909912
150,HighVis,-0.47118473052978516,0.1650393158197403,0.22898314630682745,1.465367317199707,1.0,1.465367317199707
150,LowHigh,0.03225940465927124,0.18510325253009796,0.16100462278246117,0.967359721660614,1.0,0.967359721660614
150,CLIP,0.461307168006897,0.6874626874923706,0.676773013243182,0.5340861082077026,1.0,0.5340861082077026
150,LowHighCLIP,0.21090596914291382,0.46324214339256287,0.457857744073097,0.788820743560791,1.0,0.788820743560791
151,LowVis,-0.05931282043457031,-0.07050160318613052,-0.07862657210381825,1.0591892004013062,1.0,1.0591892004013062
151,HighVis,0.11473578214645386,0.37611865997314453,0.41757038284153675,0.8806172013282776,1.0,0.8806172013282776
151,LowHigh,0.027000129222869873,0.17941896617412567,0.2556795614238795,0.9729127287864685,1.0,0.9729127287864685
151,CLIP,0.5805598497390747,0.7637949585914612,0.7885362505055885,0.4170607626438141,1.0,0.4170607626438141
151,LowHighCLIP,0.3090078830718994,0.5688756704330444,0.6256585424197276,0.690351665019989,1.0,0.690351665019989
