Feature space,Gabor,Color,AlexNetMid,AlexNetHigh,CORnetIT,CLIP,Palatability,Calorie,Health,Familiarity
Gabor,1.0,0.14893139898777008,0.3949267268180847,0.33303070068359375,0.40449264645576477,0.32846739888191223,0.03510701283812523,0.07009308785200119,0.08448240160942078,0.04040968790650368
Color,0.14893139898777008,1.0,0.4017212986946106,0.3741436004638672,0.40679168701171875,0.3480549156665802,0.050289932638406754,0.11417225003242493,0.10603652149438858,0.05023445188999176
AlexNetMid,0.3949267268180847,0.4017212986946106,1.0,0.6687307357788086,0.7206249237060547,0.5713986754417419,0.07964403927326202,0.10335130244493484,0.10606072098016739,0.06427612155675888
AlexNetHigh,0.33303070068359375,0.3741436004638672,0.6687307357788086,1.0,0.7194030284881592,0.615310788154602,0.08061142265796661,0.11181440949440002,0.11233076453208923,0.07784520089626312
CORnetIT,0.40449264645576477,0.40679168701171875,0.7206249237060547,0.7194030284881592,1.0,0.717738926410675,0.10100378096103668,0.10347042232751846,0.10296882688999176,0.09378882497549057
CLIP,0.32846739888191223,0.3480549156665802,0.5713986754417419,0.615310788154602,0.717738926410675,1.0,0.10804098844528198,0.13523989915847778,0.1352463811635971,0.10610364377498627
Palatability,0.03510701283812523,0.050289932638406754,0.07964403927326202,0.08061142265796661,0.10100378096103668,0.10804098844528198,1.0,0.0013536361511796713,0.005443716421723366,0.6149453520774841
Calorie,0.07009308785200119,0.11417225003242493,0.10335130244493484,0.11181440949440002,0.10347042232751846,0.13523989915847778,0.0013536361511796713,1.0,0.9072859883308411,0.061876825988292694
Health,0.08448240160942078,0.10603652149438858,0.10606072098016739,0.11233076453208923,0.10296882688999176,0.1352463811635971,0.005443716421723366,0.9072859883308411,1.0,0.060345664620399475
Familiarity,0.04040968790650368,0.05023445188999176,0.06427612155675888,0.07784520089626312,0.09378882497549057,0.10610364377498627,0.6149453520774841,0.061876825988292694,0.060345664620399475,1.0
