Feature space,Gabor,Color,AlexNetMid,AlexNetHigh,CORnetV4,CORnetIT,CLIP,Palatability,Calorie,Health,Familiarity,CalorieObj,SavorySweet
Gabor,1.0,0.14893139898777008,0.3949267268180847,0.33303070068359375,0.4073013663291931,0.40449264645576477,0.32846739888191223,0.03510701283812523,0.07009308785200119,0.08448240160942078,0.04040968790650368,0.06900972127914429,0.032255176454782486
Color,0.14893139898777008,1.0,0.4017212986946106,0.3741436004638672,0.41134634613990784,0.40679168701171875,0.3480549156665802,0.050289932638406754,0.11417225003242493,0.10603652149438858,0.05023445188999176,0.0876256674528122,0.05021281540393829
AlexNetMid,0.3949267268180847,0.4017212986946106,1.0,0.6687307357788086,0.7318218946456909,0.7206249237060547,0.5713986754417419,0.07964403927326202,0.10335130244493484,0.10606072098016739,0.06427612155675888,0.09369225800037384,0.09460364282131195
AlexNetHigh,0.33303070068359375,0.3741436004638672,0.6687307357788086,1.0,0.7256539463996887,0.7194030284881592,0.615310788154602,0.08061142265796661,0.11181440949440002,0.11233076453208923,0.07784520089626312,0.1067730113863945,0.10427110642194748
CORnetV4,0.4073013663291931,0.41134634613990784,0.7318218946456909,0.7256539463996887,1.0,0.9861904978752136,0.7179710865020752,0.1019977256655693,0.1035086065530777,0.10364702343940735,0.10330567508935928,0.10079728811979294,0.10139467567205429
CORnetIT,0.40449264645576477,0.40679168701171875,0.7206249237060547,0.7194030284881592,0.9861904978752136,1.0,0.717738926410675,0.10100378096103668,0.10347042232751846,0.10296882688999176,0.09378882497549057,0.10363887250423431,0.10239046812057495
CLIP,0.32846739888191223,0.3480549156665802,0.5713986754417419,0.615310788154602,0.7179710865020752,0.717738926410675,1.0,0.10804098844528198,0.13523989915847778,0.1352463811635971,0.10610364377498627,0.1283368468284607,0.131004199385643
Palatability,0.03510701283812523,0.050289932638406754,0.07964403927326202,0.08061142265796661,0.1019977256655693,0.10100378096103668,0.10804098844528198,1.0,0.0013536361511796713,0.005443716421723366,0.6149453520774841,0.00015270744916051626,0.058262065052986145
Calorie,0.07009308785200119,0.11417225003242493,0.10335130244493484,0.11181440949440002,0.1035086065530777,0.10347042232751846,0.13523989915847778,0.0013536361511796713,1.0,0.9072859883308411,0.061876825988292694,0.8388972878456116,0.007869958877563477
Health,0.08448240160942078,0.10603652149438858,0.10606072098016739,0.11233076453208923,0.10364702343940735,0.10296882688999176,0.1352463811635971,0.005443716421723366,0.9072859883308411,1.0,0.060345664620399475,0.7551009654998779,0.03259376809000969
Familiarity,0.04040968790650368,0.05023445188999176,0.06427612155675888,0.07784520089626312,0.10330567508935928,0.09378882497549057,0.10610364377498627,0.6149453520774841,0.061876825988292694,0.060345664620399475,1.0,0.03447601571679115,0.008965888060629368
CalorieObj,0.06900972127914429,0.0876256674528122,0.09369225800037384,0.1067730113863945,0.10079728811979294,0.10363887250423431,0.1283368468284607,0.00015270744916051626,0.8388972878456116,0.7551009654998779,0.03447601571679115,1.0,0.0
SavorySweet,0.032255176454782486,0.05021281540393829,0.09460364282131195,0.10427110642194748,0.10139467567205429,0.10239046812057495,0.131004199385643,0.058262065052986145,0.007869958877563477,0.03259376809000969,0.008965888060629368,0.0,1.0
