stimulus_index_0based,stimulus_index_1based,resclip_target_z,resclip_target_raw,stimulus_Index,stimulus_Value,pred_CLIP50_linear_ridge,residual_after_CLIP50_linear_ridge,pred_CLIP50_rbf_kernel_ridge,residual_after_CLIP50_rbf_kernel_ridge,pred_CLIP512_linear_ridge,residual_after_CLIP512_linear_ridge,pred_CLIP512_discarded_PC51plus_ridge,residual_after_CLIP512_discarded_PC51plus_ridge
0,1,0.4828361499910531,0.27020323276519775,0,Almonds,0.07273223,0.41010391748000957,-2.2592902e-12,0.4828361499933124,-0.013065369,0.4959015188594637,0.0057836752,0.477052474752563
1,2,-0.7838254809021751,-0.3360755443572998,1,Apple,0.06362185,-0.8474473297238151,-1.4222767e-10,-0.7838254807599474,0.004686237,-0.7885117177493671,-0.27758187,-0.5062436103462974
2,3,-1.656545677449135,-0.7537969946861267,2,Apricot,0.07177545,-1.7283211287516633,6.8770047e-09,-1.6565456843261397,0.06828374,-1.724829414154915,-0.022537904,-1.6340077735889236
3,4,0.17379430769136558,0.12228250503540039,3,Asparagus_green,-0.05373064,0.22752494825175415,-1.0266324e-14,0.17379430769137585,-0.09650608,0.2703003892128767,-0.39158455,0.5653788530652822
4,5,-0.5556914732898263,-0.22688078880310059,4,Aubergine,0.07405222,-0.6297436953629044,2.183535e-07,-0.5556916916433322,-0.015504114,-0.5401873589600114,0.04835955,-0.6040510238255051
5,6,1.3386859882012176,0.6798498034477234,5,Avocado,-0.036291674,1.3749776619807053,0.0,1.3386859882012176,-0.097322434,1.436008422388153,-0.11729504,1.4559810298815536
6,7,0.40495647202512103,0.23292666673660278,6,Bacon,-0.05349514,0.4584516109087117,1.1624126e-10,0.4049564719088798,0.031912763,0.37304370935341197,-0.025608458,0.4305649296500333
7,8,-0.8620024081214689,-0.37349438667297363,7,Baguette,-0.045574803,-0.8164276052161478,1.684108e-08,-0.8620024249625485,0.070107564,-0.9321099724515699,-0.07511572,-0.7868866901739858
8,9,0.14602304591252835,0.10898998379707336,8,Banana,-0.054669164,0.20069221003367932,-1.526654e-08,0.14602306117906838,-0.090420164,0.23644321008040936,-0.14402595,0.290048997536445
9,10,0.21840460891834254,0.14363491535186768,9,Beetroot,-0.031088945,0.24949355344286914,0.0,0.21840460891834254,-0.1499809,0.36838551159015653,-0.19686198,0.4152665912639236
10,11,0.5371098538409342,0.29618096351623535,10,Berliner,0.07098026,0.46612959555493494,-5.915382e-10,0.5371098544324724,0.17180906,0.365300791479217,0.0137267355,0.5233831183533539
11,12,1.1327530254730693,0.5812814235687256,11,Bitterballs,-0.031626463,1.1643794884094707,0.0,1.1327530254730693,-0.076947786,1.2097008113870136,0.2398993,0.8928537328848354
12,13,-0.1911926584324893,-0.05241596698760986,12,Blackberries,0.07175841,-0.26295107025719255,-4.3405882e-12,-0.19119265842814873,-0.00012374455,-0.19106891387848654,-0.043609172,-0.14758348632670013
13,14,-0.5403027536696202,-0.21951508522033691,13,Blue_cheese,-0.054727435,-0.4855753185576207,3.12388e-09,-0.5403027567935003,-0.07127969,-0.46902306400001115,0.0066245906,-0.5469273442751176
14,15,-0.4032034780139376,-0.15389347076416016,14,Bonbon,0.07563221,-0.4788356851095606,1.3673616e-10,-0.40320347815067376,0.17441824,-0.5776217187995363,0.21090296,-0.6141064371222902
15,16,0.19001730522229518,0.1300475299358368,15,Brie,-0.026012836,0.21603014124646033,0.0,0.19001730522229518,-0.008907726,0.19892503125681724,0.2766553,-0.08663798132822667
16,17,-0.9313178955128523,-0.40667176246643066,16,Broccoli,-0.025051406,-0.9062664898594948,0.0,-0.9313178955128523,-0.08105704,-0.8502608536293836,-0.3970851,-0.5342327951004835
17,18,-0.4248298244045208,-0.16424477100372314,17,Brownie,-0.049084783,-0.37574504180411794,2.2551318e-10,-0.42482982463003394,0.10086287,-0.5256926925347278,-0.066048644,-0.3587811799214313
18,19,0.29107713249411055,0.1784191131591797,18,Brussels_sprout,0.066854,0.2242231324025578,-6.4295973e-09,0.29107713892370785,-0.15652604,0.4476031765052266,0.0045353076,0.2865418248520381
19,20,0.1263874725378093,0.09959155321121216,19,Butter_biscuit,-0.05252677,0.1789142408347663,-6.222924e-10,0.12638747316010168,0.037446167,0.08894130521779625,-0.249231,0.3756184683120784
20,21,0.7182296642954743,0.38287270069122314,20,Cake,0.065645866,0.6525837981994546,7.02323e-08,0.7182295940631708,0.1052677,0.6129619607623017,0.06435877,0.6538708934481537
21,22,1.0488098114180338,0.5411025881767273,21,Candies,0.066516586,0.9822932257699739,-8.4525594e-13,1.048809811418879,0.07737724,0.9714325740384828,0.5672249,0.48158489162204376
22,23,-0.5702272980058536,-0.2338382601737976,22,Carrot,0.07058164,-0.6408089353287563,-3.059381e-10,-0.5702272976999154,-0.025924543,-0.5443027550870523,0.027517468,-0.5977447657430515
23,24,0.5898670510266177,0.32143282890319824,23,Cauliflower,0.056024272,0.5338427790317886,-1.8996261e-05,0.5898860472877507,-0.11379795,0.7036649987910144,0.17779148,0.4120755747769229
24,25,1.1678722713610354,0.5980910062789917,24,Cheesecake,-0.056394964,1.2242672358175937,-7.499397e-07,1.167873021300751,0.0066447053,1.1612275660505715,-0.25275123,1.420623502554578
25,26,0.2767568664113338,0.17156481742858887,25,Cheese_souffle,-0.052892912,0.32964977859056543,1.7152868e-10,0.2767568662398051,0.047502767,0.22925409911668848,-0.3638312,0.6405880586663539
26,27,-0.8624419933181036,-0.37370479106903076,26,Cherries,0.07466417,-0.9371061613779295,1.9906221e-05,-0.8624618995395996,0.029076695,-0.8915186887603033,0.07925062,-0.9416926121335256
27,28,-0.4375846441680639,-0.17034977674484253,27,Cherry_tomatoes,-0.050224062,-0.38736058211271457,-7.251272e-08,-0.43758457165534453,-0.07848019,-0.35910445263926677,-0.29922193,-0.1383627112800329
28,29,0.013332339684440758,0.04547850042581558,28,Chickpeas,-0.029407077,0.04273941622204986,0.0,0.013332339684440758,-0.08658839,0.09992072985596862,0.10543638,-0.09210403754286561
29,30,0.9929870989956489,0.5143834352493286,29,Chocolate_bar,0.063764475,0.9292226237096419,1.05195026e-10,0.9929870988904538,0.09141382,0.9015732806958785,-0.13622095,1.129208045903646
30,31,-0.31935428288906026,-0.11375963687896729,30,Chocolate_cake,0.07815138,-0.39750566539495397,1.0361562e-09,-0.3193542839252164,0.4117905,-0.731144773039512,-0.03749647,-0.2818578129741471
31,32,-2.4267879797478833,-1.122468113899231,31,Choco_cone,0.08997363,-2.516761608268849,2.7427092e-07,-2.4267882540188004,0.47116143,-2.8979494048615613,0.010692365,-2.437480344284109
32,33,0.7951156057545665,0.4196736216545105,32,Choco_cookies,-0.0644373,0.8595529057213787,1.4807334e-35,0.7951156057545665,-0.0048989695,0.8000145753042522,-0.0915728,0.886688404543114
33,34,0.03110395663667329,0.053984761238098145,33,Choco_lava_cake,0.07752248,-0.04641852236103408,-6.567622e-08,0.03110402231289153,0.39343446,-0.3623305082948147,-0.002610419,0.033714375582224204
34,35,1.2887359098547804,0.6559415459632874,34,Coconut,-0.06071742,1.349453328644644,-1.0349099e-10,1.2887359099582714,-0.13696456,1.425700469409834,-0.016514985,1.305250894745599
35,36,-0.3691241686633927,-0.13758164644241333,35,Codfish,-0.024223566,-0.34490060260809485,0.0,-0.3691241686633927,-0.041282054,-0.327842114626537,0.021302633,-0.39042680165089194
36,37,-0.5751258710596833,-0.23618292808532715,36,Corn,-0.05417302,-0.5209528522763524,-1.3690921e-08,-0.575125857368762,-0.066746175,-0.5083796957705292,-0.23223086,-0.3428950140450272
37,38,-0.14818478845488772,-0.031830549240112305,37,Cream_cake,0.07179708,-0.21998186879288897,-1.1807227e-10,-0.14818478833681545,0.1569798,-0.3051645877255176,0.31252685,-0.460711640347359
38,39,-0.3920825951810017,-0.14857053756713867,38,Crisps,-0.046710096,-0.3453724988813534,-1.0798874e-09,-0.3920825941011143,0.03864901,-0.4307316065843239,-0.24331962,-0.14876297945929912
39,40,0.6483521180414817,0.3494262993335724,39,Croissant,-0.024887204,0.6732393222117088,0.0,0.6483521180414817,-0.005405829,0.6537579468638859,-0.40989587,1.0582479851507804
40,41,-1.0792660840101254,-0.47748613357543945,40,Cucumber,-0.02205282,-1.0572132632381928,0.0,-1.0792660840101254,-0.07175929,-1.0075067930169117,0.09297546,-1.172241544003011
41,42,0.5638084903814675,0.30896008014678955,41,Currant,-0.07231397,0.636122462198961,-7.194357e-15,0.5638084903814747,-0.14544499,0.7092534795858743,-0.59020114,1.1540096298315408
42,43,0.19707513819596814,0.13342571258544922,42,Donut,0.075040154,0.12203498403689908,-1.6759981e-10,0.19707513836356794,0.3811204,-0.18404527534582568,0.09703044,0.10004469971320676
43,44,0.44948732414290454,0.25424104928970337,43,Figs,-0.06816503,0.5176523507480337,-1.5926615e-27,0.44948732414290454,-0.19971639,0.6492037133221342,0.55317366,-0.10368633708909009
44,45,-0.5729722771813263,-0.23515212535858154,44,Fried_egg,-0.024720028,-0.548252249138533,0.0,-0.5729722771813263,-0.013440411,-0.5595318665747632,0.05527731,-0.6282495874931205
45,46,2.2966842185546943,1.138388991355896,45,Fries,-0.03768776,2.334371978401143,0.0,2.2966842185546943,-0.09352557,2.3902097921659538,-0.19782011,2.4945043306638786
46,47,-0.9269503737539373,-0.4045812785625458,46,Grape_red,-0.05813037,-0.8688200051635824,-6.578545e-17,-0.9269503737539372,-0.14787707,-0.7790733064264379,-0.019247916,-0.9077024581581674
47,48,-0.40803156800224444,-0.15620440244674683,47,Grape_white,-0.026838373,-0.3811931946094241,0.0,-0.40803156800224444,-0.10861745,-0.29941412068559786,0.14008297,-0.5481145382638182
48,49,0.9324972495216852,0.48543038964271545,48,Ham,-0.06650022,0.9989974662441736,-5.1178705e-34,0.9324972495216852,-0.031939056,0.9644363052923208,-0.1850574,1.1175546511787897
49,50,1.840682195958895,0.9201267957687378,49,Hamburger,-0.03003013,1.8707123254362767,0.0,1.840682195958895,0.01090744,1.8297747555125778,-0.30049682,2.141179012594027
50,51,0.2536288944984788,0.16049477458000183,50,Herring,-0.0633253,0.31695419531120006,1.3e-44,0.2536288944984788,-0.062478628,0.31610752250803653,-0.7476191,1.0012479869629258
51,52,-0.302380565993283,-0.10563528537750244,51,Honey_melon,0.06651162,-0.3688921895546653,5.999868e-08,-0.30238062599196636,0.0042364756,-0.30661704155782243,0.23102394,-0.5334045034570434
52,53,0.11577740513733673,0.09451311826705933,52,Hotdog,0.07496734,0.0408100655024414,1.4724368e-10,0.11577740499009305,0.15378729,-0.03800987995215607,-0.037409,0.15318640523604202
53,54,-2.294319665648136,-1.0590630769729614,53,Kiwi,0.08277395,-2.3770936193243597,7.5459604e-11,-2.2943196657235956,-0.026401872,-2.267917793832812,0.025013618,-2.319333283819351
54,55,-1.3504139389625227,-0.6072691679000854,54,Lasagna,-0.052512616,-1.2979013230434095,3.1776301e-37,-1.3504139389625227,0.09671337,-1.4471273105374014,-0.20043784,-1.1499760951629316
55,56,-0.9689829996897699,-0.42469990253448486,55,Lettuce,-0.025044506,-0.9439384932740451,0.0,-0.9689829996897699,-0.0878858,-0.8810972026659967,0.01763021,-0.9866132098360778
56,57,1.8776925298910803,0.937841534614563,56,Magnum,-0.06963736,1.9473298880797094,-1.1971219e-27,1.8776925298910803,-0.045528177,1.9232207070630258,-0.55700827,2.4347007963400547
57,58,-0.17062679576273923,-0.0425722599029541,57,Mandarin,-0.06376711,-0.10685968297120099,-6.18286e-11,-0.17062679570091063,-0.18564555,0.015018754726686429,0.6974727,-0.8680994872986889
58,59,-0.7231603577272869,-0.3070386052131653,58,Mango,-0.059928987,-0.6632313705520607,-4.551615e-22,-0.7231603577272869,-0.16216357,-0.5609967872040249,0.13136952,-0.8545298739807583
59,60,0.8294429756466685,0.4361041784286499,59,Mars,-0.06266188,0.8921048544112978,-5.552657e-24,0.8294429756466685,0.01840014,0.8110428355399905,0.18733293,0.6421100474659739
60,61,-0.9359565778286149,-0.40889203548431396,60,Melon,0.06745701,-1.0034135906607795,1.2892298e-07,-0.935956706751592,-0.0044480762,-0.9315085015841712,-0.19726901,-0.7386875702650239
61,62,1.58931716919567,0.7998126745223999,61,MMs,-0.06617786,1.655495029098052,-4.5998784e-33,1.58931716919567,-0.057362,1.646679170584935,-0.15845026,1.74776742995407
62,63,1.0653169204577797,0.5490036010742188,62,Muesli_bar,-0.054837864,1.1201547843500965,-4.989769e-13,1.0653169204582786,0.0012841253,1.064032795196771,0.12131312,0.9440038030132645
63,64,-1.4737543224919243,-0.6663051843643188,63,Mushrooms,0.072913714,-1.5466680362451477,3.4392507e-08,-1.473754356884431,0.04125962,-1.5150139428306026,0.45216265,-1.9259169756997032
64,65,1.169881038728433,0.5990524888038635,64,Mussles,0.06988267,1.0999983701736502,-5.744289e-14,1.1698810387284906,0.061882768,1.1079982709021143,0.005079751,1.1648012878254823
65,66,1.4325304540932007,0.724767804145813,65,Nutella_sandwich,-0.06444583,1.4969762849747963,2.7014978e-30,1.4325304540932007,0.022524359,1.4100060953885145,-0.5152989,1.9478293570816345
66,67,1.7669127018456894,0.8848175406455994,66,Olives,-0.06827563,1.83518833231978,-1.2906035e-20,1.7669127018456894,-0.17378166,1.940694365025087,-0.49981293,2.266725632668062
67,68,-0.5260499819711426,-0.21269309520721436,67,Orange,-0.025143756,-0.5009062263712862,-2.7834513e-32,-0.5260499819711426,-0.1162169,-0.40983308400666507,-0.072882995,-0.4531669869617203
68,69,-0.16372091076700357,-0.03926680609583855,68,Oyster,-0.025722459,-0.13799845180837778,0.0,-0.16372091076700357,-0.041638374,-0.12208253643839029,-0.53274846,0.36902755000264975
69,70,0.3722243107361042,0.21725964546203613,69,Papaya,0.06494176,0.3072825543088161,-6.4018815e-07,0.372224950924252,-0.16227773,0.5345020390552723,0.012252445,0.3599718654033982
70,71,0.5311205989330748,0.29331424832344055,70,Pasta_pomodoro,-0.025522834,0.5566434326231221,0.0,0.5311205989330748,0.018338546,0.5127820527761916,-0.3799175,0.9110381013363341
71,72,-0.3769644757399138,-0.14133435487747192,71,Pear,0.06417197,-0.4411364456305083,-2.2479715e-07,-0.3769642509427658,-0.025745196,-0.35121927947195136,-0.04411771,-0.3328467642554816
72,73,-1.7550218520673588,-0.8009319305419922,72,Pees,-0.017223591,-1.7377982610824183,0.0,-1.7550218520673588,-0.014913012,-1.7401088397937492,-0.10594235,-1.6490794984611348
73,74,-0.2808867178036118,-0.09534740447998047,73,Pepper_red,0.07142474,-0.3523114553762818,-1.5286248e-07,-0.28088656494112824,-0.064743266,-0.2161434522940064,0.15010078,-0.43098750031723027
74,75,-1.9594142741531366,-0.8987629413604736,74,Pineapple,0.075332865,-2.034747139272117,-1.4623446e-08,-1.959414259529691,0.035500072,-1.9949143460959429,-0.37470013,-1.5847141451210016
75,76,2.392653761325026,1.1843241453170776,75,Pizza,-0.06155235,2.454206110803032,-2.791369e-13,2.392653761325305,-0.0024841926,2.3951379539310875,-0.20711963,2.5997733901120665
76,77,-0.5444684771817515,-0.22150897979736328,76,Pomegranate,-0.059868358,-0.48460011910613277,-5.8938103e-22,-0.5444684771817515,-0.13615628,-0.4083122013133357,0.029125702,-0.5735941788178275
77,78,-1.6998585174399259,-0.7745283842086792,77,Popcorn,0.078307465,-1.7781659821587446,-3.671528e-13,-1.6998585174395586,0.081038825,-1.780897342653835,0.1514044,-1.851262913139427
78,79,1.3162535695789586,0.6691126823425293,78,Pound_cake,-0.057022367,1.3732759362517128,5.858595e-08,1.3162535109930082,-0.00063155446,1.3168851240386459,-0.25765547,1.5739090411422978
79,80,-0.8447275815924161,-0.3652259111404419,79,Radicchio,0.07481037,-0.9195379523952955,9.886304e-08,-0.8447276804554565,-0.032997746,-0.8117298355718606,0.035424266,-0.880151847602939
80,81,0.3081340343506107,0.1865832805633545,80,Radish,0.07029548,0.23783855147669408,-4.5272204e-09,0.3081340388778311,-0.10233578,0.41046981520960424,0.083735935,0.22439809896061513
81,82,-1.0677311442993394,-0.4719650149345398,81,Raspberries,0.068720475,-1.1364516191385499,1.6021634e-10,-1.0677311444595556,-0.0022172914,-1.0655138529106787,0.2198407,-1.2875718496940842
82,83,0.39178460670250437,0.22662204504013062,82,Ribs,0.070008606,0.3217760009838917,3.189865e-10,0.39178460638351786,0.1670802,0.2247044129444935,-0.23941745,0.6312020553423741
83,84,-2.774077220949549,-1.2886956930160522,83,Rice_waffle,-0.051281996,-2.7227952248782104,1.8323574e-32,-2.774077220949549,-0.0421226,-2.7319546222120707,0.34050798,-3.114585205110926
84,85,-0.6772070178754643,-0.2850433588027954,84,Roasted_potatoes,-0.048991766,-0.6282152520485238,4.074295e-05,-0.6772477608261238,0.057036206,-0.7342432240016774,0.15575588,-0.8329628953702763
85,86,1.0074188179823882,0.5212910771369934,85,Salami,0.07317884,0.9342399753186232,-5.4723965e-11,1.0074188180371122,0.08471027,0.9227085478159911,0.13589017,0.8715286470505721
86,87,0.36488386059422656,0.21374619007110596,86,Smoked_sausage,0.06745364,0.2974302228750722,2.017196e-12,0.36488386059220934,0.13219512,0.23268874550481006,-0.15239091,0.5172747727694051
87,88,-0.5170347495886022,-0.20837801694869995,87,Strawberries,0.070130646,-0.5871653958173925,-1.9403499e-09,-0.5170347476482523,0.036445796,-0.5534805460783178,0.91301465,-1.4300493999334507
88,89,0.5034718730844043,0.2800803780555725,88,Sushi,-0.025750246,0.5292221189833664,0.0,0.5034718730844043,0.015263566,0.48820830726841913,0.33911192,0.16435994891295658
89,90,-0.9135462007303795,-0.3981654644012451,89,Tiramisu,-0.049494665,-0.8640515356143078,-1.3018085e-11,-0.9135462007173615,0.06443001,-0.9779762140293679,-0.27038568,-0.6431605181475243
90,91,-0.0053552146665303705,0.03653383255004883,90,Tompoes,-0.06435291,0.05899769257386041,4.2386062e-15,-0.005355214666534609,0.0067443745,-0.012099589187607049,0.5082102,-0.5135653968564717
91,92,0.5772550030556927,0.31539615988731384,91,Tuna,-0.05462361,0.631878614327074,-8.577943e-15,0.5772550030557012,-0.04443573,0.6216907313970337,0.2134462,0.36380880316174125
92,93,0.18292622317000992,0.12665343284606934,92,Vanilla_icecream,0.06493836,0.11798786420747406,-3.4114164e-06,0.18292963458641084,0.06265291,0.12027331490441925,-0.3207809,0.5037071262709774
93,94,0.7721381263941571,0.4086756110191345,93,Waffle,-0.06228103,0.8344191575557038,1.346537e-39,0.7721381263941571,0.031068953,0.7410691736400172,0.07166097,0.7004771532625005
94,95,0.018065087628505866,0.047743797302246094,94,Watermelon,0.069754906,-0.05168981837020095,-2.3941703e-07,0.01806532704553962,-0.08806956,0.10613464577212159,0.10891048,-0.09084539102301772
95,96,0.030432499588442637,0.05366337299346924,95,Zucchini,-0.06491978,0.09535227680296976,-5.383346e-15,0.03043249958844802,-0.15073101,0.1811635118135937,-0.5837639,0.6141963970074185
