analysis;anchor_rdm;n_pairs;spearman_rho;pearson_r;p_perm_greater_itemlabel;p_perm_two_sided_itemlabel;n_permutations;is_direct_r1_bridge;q_fdr_bh_two_sided;abs_spearman_rho
step2_rdm_level_anchor;Calorie;4560;0,15197964;0,17262934;9,9990001e-05;9,9990001e-05;10000;False;0,000319968;0,15197964
step2_rdm_level_anchor;Calorie_mean;4560;0,14885201;0,16979364;9,9990001e-05;9,9990001e-05;10000;False;0,000319968;0,14885201
step2_rdm_level_anchor;Color;4560;-0,13558014;-0,14092581;0,99430057;0,02079792;10000;False;0,055461121;0,13558014
step2_rdm_level_anchor;Health;4560;0,13013951;0,12723013;9,9990001e-05;9,9990001e-05;10000;False;0,000319968;0,13013951
step2_rdm_level_anchor;Health_mean;4560;0,12175559;0,11976131;9,9990001e-05;9,9990001e-05;10000;False;0,000319968;0,12175559
step2_rdm_level_anchor;CalorieObjective;4560;0,11833937;0,13285399;9,9990001e-05;9,9990001e-05;10000;False;0,000319968;0,11833937
step2_rdm_level_anchor;Health_profile_residual;4560;0,058074457;0,072012347;0,078292171;0,15278472;10000;False;0,30556944;0,058074457
step2_rdm_level_anchor;Calorie_profile_residual;4560;0,050522563;0,024126964;0,11428857;0,21457854;10000;True;0,38147296;0,050522563
step2_rdm_level_anchor;Gabor;4560;-0,027266682;-0,022414257;0,69243076;0,60113989;10000;False;0,80925241;0,027266682
step2_rdm_level_anchor;CORnet V4;4560;-0,020936252;-0,025756118;0,96270373;0,099290071;10000;False;0,22694873;0,020936252
step2_rdm_level_anchor;Palatability_profile_residual;4560;-0,019302416;-0,031075364;0,64373563;0,69783022;10000;False;0,85886796;0,019302416
step2_rdm_level_anchor;Palatability;4560;-0,014093837;-0,035296856;0,59024098;0,78242176;10000;False;0,89419629;0,014093837
step2_rdm_level_anchor;SavorySweet;4560;-0,010536027;-0,0093926865;0,88081192;0,26507349;10000;False;0,42411759;0,010536027
step2_rdm_level_anchor;CORnet IT;4560;-0,0064610906;-0,02185584;0,6750325;0,60693931;10000;False;0,80925241;0,0064610906
step2_rdm_level_anchor;Calorie_disagreement_sd;4560;0,0025981036;0,0034256203;0,47375262;0,96580342;10000;False;0,970003;0,0025981036
step2_rdm_level_anchor;Palatability_mean;4560;0,001509674;-0,016919528;0,45335466;0,970003;10000;False;0,970003;0,001509674
