analysis,anchor,n_items,spearman_rho,pearson_r,p_perm_greater,p_perm_two_sided,n_permutations,q_fdr_bh_two_sided,abs_spearman_rho
step2_item_level_anchor,predclip_full__PredCLIP_resid_core_annotations_plus_category_z,96,-0.6437194791101465,-0.6363394530115014,1.0,9.999000099990002e-05,10000,0.00031996800319968006,0.6437194791101465
step2_item_level_anchor,predclip_full__PredCLIP_resid_core_annotations_z,96,-0.6297205642973412,-0.6217069027996498,1.0,9.999000099990002e-05,10000,0.00031996800319968006,0.6297205642973412
step2_item_level_anchor,feature_file__CalorieObjective,96,0.4623563553676836,0.4468879848044013,9.999000099990002e-05,9.999000099990002e-05,10000,0.00031996800319968006,0.4623563553676836
step2_item_level_anchor,predclip_full__RawCalorie_z,96,0.46156559131298813,0.4799951733479685,9.999000099990002e-05,9.999000099990002e-05,10000,0.00031996800319968006,0.46156559131298813
step2_item_level_anchor,feature_file__RawCalorie_cvtarget,96,0.46156559131298813,0.4799951773240797,9.999000099990002e-05,9.999000099990002e-05,10000,0.00031996800319968006,0.46156559131298813
step2_item_level_anchor,feature_file__Calorie_group,96,0.4613130765056972,0.48025158736132323,9.999000099990002e-05,9.999000099990002e-05,10000,0.00031996800319968006,0.4613130765056972
step2_item_level_anchor,predclip_full__naturalness_0_3,96,-0.42561216066132374,-0.3631479671773057,1.0,9.999000099990002e-05,10000,0.00031996800319968006,0.42561216066132374
step2_item_level_anchor,predclip_full__processedness_0_3,96,0.42538846425725496,0.38762901413498296,9.999000099990002e-05,9.999000099990002e-05,10000,0.00031996800319968006,0.42538846425725496
step2_item_level_anchor,feature_file__Health_group,96,-0.42517634291915357,-0.40970799121269386,1.0,9.999000099990002e-05,10000,0.00031996800319968006,0.42517634291915357
step2_item_level_anchor,predclip_full__preparation_0_3,96,0.41536281382838386,0.3821967095193006,9.999000099990002e-05,9.999000099990002e-05,10000,0.00031996800319968006,0.41536281382838386
step2_item_level_anchor,predclip_full__raw_produce,96,-0.3926958779112515,-0.3383133218995016,1.0,0.00019998000199980003,10000,0.0005332800053328001,0.3926958779112515
step2_item_level_anchor,predclip_full__fruit_veg,96,-0.3926958779112515,-0.3383133218995016,1.0,0.00019998000199980003,10000,0.0005332800053328001,0.3926958779112515
step2_item_level_anchor,predclip_full__PredCLIP_hat_core_annotations_z,96,0.38742666021194294,0.34193129336949124,0.00019998000199980003,0.00029997000299970003,10000,0.0007383876996915693,0.38742666021194294
step2_item_level_anchor,predclip_full__PredCLIP_hat_core_annotations_plus_category_z,96,0.3736934095452125,0.3401529789800375,0.00029997000299970003,0.00039996000399960006,10000,0.0009141942948562287,0.3736934095452125
step2_item_level_anchor,predclip_full__clip_axis_animal_savory_processed_minus_plant_fresh_z,96,0.33811720021703745,0.27953953937846154,0.0007999200079992001,0.0016998300169983002,10000,0.00362630403626304,0.33811720021703745
step2_item_level_anchor,predclip_full__clip_axis_energy_dense_treat_minus_light_food_z,96,0.2992132392837764,0.2137436767861926,0.0016998300169983002,0.0037996200379962005,10000,0.007599240075992401,0.2992132392837764
step2_item_level_anchor,predclip_full__clip_axis_processed_minus_natural_z,96,0.2952930005425936,0.25810000251353826,0.0023997600239976003,0.004999500049995001,10000,0.008420210610517896,0.2952930005425936
step2_item_level_anchor,predclip_full__clip_axis_baked_confectionery_minus_fresh_produce_z,96,0.29015192620727076,0.2152563520503127,0.0024997500249975004,0.004199580041995801,10000,0.007905091843756802,0.29015192620727076
step2_item_level_anchor,predclip_full__single_ingredient,96,-0.2889283635889829,-0.254973248428103,0.9978002199780022,0.0045995400459954,10000,0.0081769600817696,0.2889283635889829
step2_item_level_anchor,feature_file__Familiarity_group,96,-0.25640260444926755,-0.16426884726863195,0.9931006899310069,0.012798720127987202,10000,0.020477952204779524,0.25640260444926755
step2_item_level_anchor,predclip_full__fast_food_or_fried,96,0.24939516484325883,0.30702062171835803,0.0081991800819918,0.013998600139986002,10000,0.021331200213312,0.24939516484325883
step2_item_level_anchor,predclip_full__dessert_snack,96,0.24120279905022435,0.19530715995404496,0.008899110088991101,0.0193980601939806,10000,0.0282153602821536,0.24120279905022435
step2_item_level_anchor,predclip_full__clip_axis_prepared_composite_minus_single_ingredient_z,96,0.2329489962018448,0.18177575805516286,0.012198780121987801,0.023297670232976703,10000,0.03241414988935889,0.2329489962018448
step2_item_level_anchor,predclip_full__bakery_confectionery,96,0.20216462297502652,0.14031406612750752,0.0244975502449755,0.048595140485951406,10000,0.06386561343865614,0.20216462297502652
step2_item_level_anchor,predclip_full__composite_food,96,0.20031927250335999,0.2161477250242358,0.025797420257974202,0.04989501049895011,10000,0.06386561343865614,0.20031927250335999
step2_item_level_anchor,feature_file__Palatability_group,96,-0.16360553445469342,-0.09083831781362176,0.9453054694530547,0.10718928107189281,10000,0.13192526901156038,0.16360553445469342
step2_item_level_anchor,predclip_full__animal_product,96,0.1356747995150555,0.11100182985709572,0.08869113088691132,0.18758124187581243,10000,0.22231850888985177,0.1356747995150555
step2_item_level_anchor,predclip_full__PredCLIP_z,96,0.06585729788388497,0.0015413233919446406,0.2666733326667333,0.5247475252474753,10000,0.5790317519972141,0.06585729788388497
step2_item_level_anchor,feature_file__PredCLIP_cv,96,0.06585729788388497,0.0015413224605880863,0.2666733326667333,0.5247475252474753,10000,0.5790317519972141,0.06585729788388497
step2_item_level_anchor,feature_file__SavorySweet,96,-0.007517989518173717,0.015028155385370598,0.5331466853314668,0.9402059794020597,10000,0.9471052894710529,0.007517989518173717
step2_item_level_anchor,predclip_full__savory_food,96,0.007143640479717847,0.02284526054347891,0.46815318468153183,0.9471052894710529,10000,0.9471052894710529,0.007143640479717847
step2_item_level_anchor,predclip_full__sweet_food,96,-0.007143640479717847,-0.02284526054347893,0.5353464653534646,0.9471052894710529,10000,0.9471052894710529,0.007143640479717847
