analysis,anchor_rdm,n_pairs,spearman_rho,pearson_r,p_perm_greater_itemlabel,p_perm_two_sided_itemlabel,n_permutations,is_direct_r1_bridge,q_fdr_bh_two_sided,abs_spearman_rho
step2_rdm_level_anchor,Calorie,4560,0.1519796350914472,0.17262934232879407,9.999000099990002e-05,9.999000099990002e-05,10000,False,0.00031996800319968006,0.1519796350914472
step2_rdm_level_anchor,Calorie_mean,4560,0.14885201211179738,0.1697936449859714,9.999000099990002e-05,9.999000099990002e-05,10000,False,0.00031996800319968006,0.14885201211179738
step2_rdm_level_anchor,Color,4560,-0.13558014137452895,-0.1409258124363965,0.9943005699430058,0.0207979202079792,10000,False,0.0554611205546112,0.13558014137452895
step2_rdm_level_anchor,Health,4560,0.13013950617372175,0.12723013386526988,9.999000099990002e-05,9.999000099990002e-05,10000,False,0.00031996800319968006,0.13013950617372175
step2_rdm_level_anchor,Health_mean,4560,0.12175558696673394,0.11976131476590968,9.999000099990002e-05,9.999000099990002e-05,10000,False,0.00031996800319968006,0.12175558696673394
step2_rdm_level_anchor,CalorieObjective,4560,0.11833937478558547,0.13285399376325419,9.999000099990002e-05,9.999000099990002e-05,10000,False,0.00031996800319968006,0.11833937478558547
step2_rdm_level_anchor,Health_profile_residual,4560,0.058074456749381095,0.0720123466616184,0.07829217078292171,0.15278472152784722,10000,False,0.30556944305569445,0.058074456749381095
step2_rdm_level_anchor,Calorie_profile_residual,4560,0.050522562508931626,0.024126964274819043,0.11428857114288571,0.21457854214578542,10000,True,0.3814729638147296,0.050522562508931626
step2_rdm_level_anchor,Gabor,4560,-0.02726668243079593,-0.022414257317536164,0.6924307569243076,0.6011398860113989,10000,False,0.8092524080925241,0.02726668243079593
step2_rdm_level_anchor,CORnet V4,4560,-0.020936251763790673,-0.025756117577316995,0.9627037296270373,0.09929007099290071,10000,False,0.22694873369805876,0.020936251763790673
step2_rdm_level_anchor,Palatability_profile_residual,4560,-0.019302416474162885,-0.031075364475988507,0.6437356264373563,0.6978302169783022,10000,False,0.8588679593579104,0.019302416474162885
step2_rdm_level_anchor,Palatability,4560,-0.014093837307510175,-0.035296855798910384,0.5902409759024098,0.7824217578242175,10000,False,0.8941962946562486,0.014093837307510175
step2_rdm_level_anchor,SavorySweet,4560,-0.010536026914448497,-0.00939268653682674,0.8808119188081192,0.26507349265073493,10000,False,0.4241175882411759,0.010536026914448497
step2_rdm_level_anchor,CORnet IT,4560,-0.006461090566647194,-0.021855839927802677,0.675032496750325,0.6069393060693931,10000,False,0.8092524080925241,0.006461090566647194
step2_rdm_level_anchor,Calorie_disagreement_sd,4560,0.0025981035647518165,0.003425620326177362,0.4737526247375263,0.9658034196580342,10000,False,0.97000299970003,0.0025981035647518165
step2_rdm_level_anchor,Palatability_mean,4560,0.0015096740386757379,-0.016919527701918242,0.45335466453354667,0.97000299970003,10000,False,0.97000299970003,0.0015096740386757379
